Position,Context,Actual_Token,Actual_Probability,Surprisal_Bits,Rank_in_Top10,Top1_Token,Top1_Prob,Top2_Token,Top2_Prob,Top3_Token,Top3_Prob,Top4_Token,Top4_Prob,Top5_Token,Top5_Prob,Top6_Token,Top6_Prob,Top7_Token,Top7_Prob,Top8_Token,Top8_Prob,Top9_Token,Top9_Prob,Top10_Token,Top10_Prob
0,AT,'GC',0.000042,14.526,not_in_top10,'.',0.042024,"','",0.033237,'\n',0.031259,'-',0.014941,' the',0.012545,' and',0.011900,':',0.010604,' (',0.010434,' of',0.007500,' is',0.007287
1,ATGC,'G',0.039963,4.645,1,'G',0.039963,'-',0.038344,'_',0.036941,'\n',0.034975,'.',0.032918,')',0.027495,"','",0.024402,':',0.015664,' (',0.014515,' -',0.010261
2,ATGCG,'AT',0.003397,8.202,not_in_top10,'-',0.041361,'.',0.038196,'_',0.038060,'\n',0.035493,')',0.024818,"','",0.023505,' (',0.013070,'1',0.011509,'/',0.010007,'Q',0.009306
3,ATGCGAT,'C',0.006755,7.210,6,'GC',0.587083,'G',0.066813,'GG',0.011432,'GT',0.010176,'.',0.007070,'C',0.006755,'GA',0.006588,'CT',0.006543,'\n',0.006292,'-',0.005758
4,ATGCGATC,'GT',0.043528,4.522,4,'GC',0.230478,'G',0.065470,'AT',0.063992,'GT',0.043528,'AG',0.024170,' G',0.016068,'-',0.015188,'\n',0.013745,'GR',0.012932,'GG',0.012370
5,ATGCGATCGT,'AG',0.020467,5.611,7,'G',0.213191,'GT',0.099120,'GC',0.077320,'GG',0.040367,'AT',0.026551,'C',0.020715,'AG',0.020467,'CT',0.017170,'CC',0.015596,'T',0.012487
6,ATGCGATCGTAG,'CT',0.025968,5.267,8,'G',0.232624,'GC',0.073178,'GG',0.047255,'GT',0.044682,'C',0.042641,'AT',0.041262,'T',0.027690,'CT',0.025968,'AG',0.020956,'CG',0.017468
7,ATGCGATCGTAGCT,'AG',0.046118,4.439,5,'G',0.208319,'GC',0.183288,'GG',0.062571,'C',0.060309,'AG',0.046118,'GT',0.045147,'CG',0.033898,'CT',0.023507,'TG',0.019240,'T',0.017470
8,ATGCGATCGTAGCTAG,'CT',0.100286,3.318,2,'G',0.161277,'CT',0.100286,'C',0.084925,'GC',0.082020,'GG',0.049457,'GT',0.037405,'T',0.034386,'CC',0.031583,'CG',0.028763,'AG',0.025934
9,ATGCGATCGTAGCTAGCT,'AG',0.127028,2.977,3,'G',0.179801,'GC',0.150279,'AG',0.127028,'GG',0.058910,'C',0.058812,'CT',0.037529,'GT',0.032835,'CG',0.030425,'CC',0.019679,'T',0.018218
10,ATGCGATCGTAGCTAGCTAG,'CT',0.177447,2.495,1,'CT',0.177447,'C',0.109337,'G',0.106766,'GC',0.073872,'CC',0.043459,'GG',0.039862,'AG',0.034949,'T',0.033308,'CG',0.031484,'GT',0.027072
11,ATGCGATCGTAGCTAGCTAGCT,'AG',0.233458,2.099,1,'AG',0.233458,'G',0.142035,'GC',0.123762,'C',0.051358,'CT',0.048551,'GG',0.044490,'CG',0.024348,'GT',0.024045,'AC',0.020004,'CC',0.019813
12,ATGCGATCGTAGCTAGCTAGCTAG,'CT',0.291322,1.779,1,'CT',0.291322,'C',0.109424,'G',0.062806,'GC',0.062620,'CC',0.048523,'AG',0.036886,'GG',0.030687,'T',0.029428,'TC',0.026953,'CG',0.026898
13,ATGCGATCGTAGCTAGCTAGCTAGCT,'AC',0.020259,5.625,8,'AG',0.373027,'G',0.113495,'GC',0.087554,'CT',0.045719,'C',0.037749,'GG',0.032207,'AT',0.021376,'AC',0.020259,'CG',0.016778,'AA',0.016225
14,ATGCGATCGTAGCTAGCTAGCTAGCTAC,'G',0.172309,2.537,1,'G',0.172309,'GT',0.136802,'AG',0.131944,'CT',0.123693,'GC',0.084562,'GG',0.054795,'AC',0.028447,'AT',0.020081,'TC',0.017538,'CC',0.017353
15,ATGCGATCGTAGCTAGCTAGCTAGCTACG,'AT',0.054566,4.196,5,'CT',0.265131,'AG',0.090718,'CC',0.065622,'AC',0.060915,'AT',0.054566,'AA',0.029251,'TC',0.026859,'TT',0.025744,'GT',0.025658,'GC',0.023052
16,ATGCGATCGTAGCTAGCTAGCTAGCTACGAT,'CG',0.041941,4.575,5,'GC',0.461556,'G',0.082977,'CT',0.058112,'CC',0.048608,'CG',0.041941,'C',0.039123,'AG',0.032678,'GG',0.029476,'GT',0.027172,'AC',0.025153
17,ATGCGATCGTAGCTAGCTAGCTAGCTACGATCG,'AT',0.213393,2.228,1,'AT',0.213393,'AG',0.112799,'G',0.066874,'GT',0.066321,'CT',0.065389,'AC',0.040657,'TC',0.035082,'AA',0.031702,'ATT',0.026048,'GC',0.020673
18,ATGCGATCGTAGCTAGCTAGCTAGCTACGATCGAT,'CG',0.094229,3.408,3,'GC',0.186199,'G',0.181066,'CG',0.094229,'CT',0.074866,'CC',0.058894,'C',0.053971,'AG',0.053357,'GG',0.035478,'GT',0.031354,'AC',0.024899
19,ATGCGATCGTAGCTAGCTAGCTAGCTACGATCGATCG,'AT',0.289184,1.790,1,'AT',0.289184,'AG',0.163663,'CT',0.058976,'G',0.051885,'AC',0.046968,'AA',0.039811,'GT',0.030818,'ATT',0.021013,'CC',0.017873,'GC',0.015963
20,ATGCGATCGTAGCTAGCTAGCTAGCTACGATCGATCGAT,'C',0.054840,4.189,6,'G',0.191543,'GC',0.147727,'CG',0.145401,'CT',0.079928,'CC',0.054850,'C',0.054840,'AG',0.044725,'GG',0.030223,'GT',0.030054,'AC',0.019956
21,ATGCGATCGTAGCTAGCTAGCTAGCTACGATCGATCGATC,'GT',0.325932,1.617,1,'GT',0.325932,'GC',0.182931,'G',0.085078,'AG',0.081864,'AT',0.048732,'GG',0.039122,'GA',0.026240,'CT',0.016712,'TC',0.011393,'AC',0.010740
22,ATGCGATCGTAGCTAGCTAGCTAGCTACGATCGATCGATCGT,'AG',0.474895,1.074,1,'AG',0.474895,'G',0.108448,'GC',0.047773,'AA',0.046873,'AC',0.028872,'GT',0.027399,'AT',0.026669,'GG',0.023481,'CT',0.017511,'GA',0.014594
23,ATGCGATCGTAGCTAGCTAGCTAGCTACGATCGATCGATCGTAG,'CT',0.250484,1.997,1,'CT',0.250484,'C',0.132436,'G',0.053320,'CC',0.049723,'T',0.041421,'CG',0.039053,'GC',0.037058,'TC',0.035262,'TT',0.029723,'AT',0.027444
24,ATGCGATCGTAGCTAGCTAGCTAGCTACGATCGATCGATCGTAGCT,'AG',0.311559,1.682,1,'AG',0.311559,'G',0.140604,'GC',0.083025,'AC',0.060282,'C',0.057387,'AT',0.031879,'CG',0.031775,'CT',0.024122,'GG',0.022451,'A',0.020175
25,ATGCGATCGTAGCTAGCTAGCTAGCTACGATCGATCGATCGTAGCTAG,'CT',0.462362,1.113,1,'CT',0.462362,'C',0.122506,'CC',0.045655,'GC',0.031187,'CG',0.030452,'TC',0.026889,'G',0.025999,'T',0.023878,'AG',0.018434,'TT',0.016528
26,ATGCGATCGTAGCTAGCTAGCTAGCTACGATCGATCGATCGTAGCTAGCT,'AG',0.372253,1.426,1,'AG',0.372253,'G',0.106146,'AC',0.089519,'GC',0.067304,'C',0.048119,'AT',0.034789,'CT',0.025487,'A',0.021716,'AA',0.021524,'CG',0.020949
27,GCGATCGTAGCTAGCTAGCTAGCTACGATCGATCGATCGTAGCTAGCTAG,'CT',0.521097,0.940,1,'CT',0.521097,'C',0.112930,'CC',0.039543,'GC',0.029657,'CG',0.024302,'TC',0.022970,'G',0.022152,'T',0.020050,'AG',0.017395,'GG',0.014713
28,GATCGTAGCTAGCTAGCTAGCTACGATCGATCGATCGTAGCTAGCTAGCT,'AG',0.404947,1.304,1,'AG',0.404947,'AC',0.104720,'G',0.094197,'GC',0.061951,'C',0.043134,'AT',0.034628,'CT',0.025568,'AA',0.019944,'A',0.019675,'CG',0.017779
29,TCGTAGCTAGCTAGCTAGCTACGATCGATCGATCGTAGCTAGCTAGCTAG,'CT',0.535886,0.900,1,'CT',0.535886,'C',0.109043,'CC',0.036150,'GC',0.029940,'CG',0.022716,'G',0.021666,'TC',0.020650,'AG',0.018816,'T',0.018653,'GG',0.015118
30,GTAGCTAGCTAGCTAGCTACGATCGATCGATCGTAGCTAGCTAGCTAGCT,'AC',0.098781,3.340,2,'AG',0.444332,'AC',0.098781,'G',0.089597,'GC',0.057311,'C',0.038255,'AT',0.034019,'CT',0.024682,'AA',0.018110,'A',0.017360,'CG',0.016355
31,AGCTAGCTAGCTAGCTACGATCGATCGATCGTAGCTAGCTAGCTAGCTAC,'G',0.764378,0.388,1,'G',0.764378,'GT',0.068963,'GC',0.027071,'AG',0.017583,'GG',0.015988,'CT',0.015290,'C',0.013701,'CG',0.011848,'GA',0.005562,'AT',0.005534
32,GCTAGCTAGCTAGCTACGATCGATCGATCGTAGCTAGCTAGCTAGCTACG,'AT',0.594975,0.749,1,'AT',0.594975,'AG',0.078976,'CT',0.064418,'AC',0.026862,'GT',0.023917,'AA',0.019319,'ATT',0.016403,'\n',0.010030,'CC',0.009952,'TC',0.009257
33,TAGCTAGCTAGCTACGATCGATCGATCGTAGCTAGCTAGCTAGCTACGAT,'CG',0.474339,1.076,1,'CG',0.474339,'GC',0.199106,'G',0.063152,'C',0.057766,'CT',0.044918,'CC',0.028401,'GG',0.014651,'GT',0.013301,'AG',0.008283,'GA',0.006148
34,GCTAGCTAGCTACGATCGATCGATCGTAGCTAGCTAGCTAGCTACGATCG,'AT',0.775087,0.368,1,'AT',0.775087,'AG',0.060326,'GT',0.022433,'CT',0.017345,'AC',0.011877,'G',0.011511,'ATT',0.010270,'AA',0.010195,'GC',0.004688,'TC',0.004562
35,TAGCTAGCTACGATCGATCGATCGTAGCTAGCTAGCTAGCTACGATCGAT,'CG',0.478483,1.063,1,'CG',0.478483,'C',0.113677,'GC',0.107503,'G',0.095015,'CT',0.048376,'CC',0.027121,'GT',0.013121,'GG',0.010722,' C',0.006906,'AG',0.006888
36,GCTAGCTACGATCGATCGATCGTAGCTAGCTAGCTAGCTACGATCGATCG,'AT',0.765597,0.385,1,'AT',0.765597,'AG',0.063628,'CT',0.015954,'GT',0.015700,'AC',0.013543,'AA',0.012503,'G',0.011066,'ATT',0.011036,'T',0.004999,'GC',0.004856
37,TAGCTACGATCGATCGATCGTAGCTAGCTAGCTAGCTACGATCGATCGAT,'C',0.152170,2.716,2,'CG',0.375585,'C',0.152170,'G',0.114218,'GC',0.106240,'CT',0.058736,'CC',0.035211,'GT',0.015802,'AG',0.011735,'GG',0.011431,' C',0.009053
38,AGCTACGATCGATCGATCGTAGCTAGCTAGCTAGCTACGATCGATCGATC,'GT',0.729498,0.455,1,'GT',0.729498,'GC',0.093092,'G',0.034012,'AT',0.022805,'AG',0.015321,'GG',0.015222,'GA',0.006501,'CT',0.006049,'TG',0.005054,'TC',0.004003
39,CTACGATCGATCGATCGTAGCTAGCTAGCTAGCTACGATCGATCGATCGT,'AG',0.794688,0.332,1,'AG',0.794688,'G',0.042516,'GC',0.019456,'AA',0.019236,'AT',0.017946,'AC',0.013103,'GT',0.008262,'ACT',0.007176,'GG',0.005914,'GA',0.005434
40,ACGATCGATCGATCGTAGCTAGCTAGCTAGCTACGATCGATCGATCGTAG,'CT',0.649186,0.623,1,'CT',0.649186,'C',0.084496,'CC',0.031933,'TC',0.024669,'TT',0.018792,'T',0.018260,'CG',0.017864,'GC',0.012773,'AT',0.009980,'G',0.008846
41,GATCGATCGATCGTAGCTAGCTAGCTAGCTACGATCGATCGATCGTAGCT,'AG',0.559119,0.839,1,'AG',0.559119,'G',0.088782,'AC',0.066495,'GC',0.040278,'AT',0.026689,'C',0.025313,'AA',0.019289,'A',0.017402,'CG',0.014351,'GG',0.011064
42,TCGATCGATCGTAGCTAGCTAGCTAGCTACGATCGATCGATCGTAGCTAG,'CT',0.750936,0.413,1,'CT',0.750936,'C',0.075798,'CC',0.023507,'TC',0.017327,'T',0.012105,'GC',0.009174,'CG',0.008683,'TT',0.008313,'G',0.005258,'AT',0.005038
43,GATCGATCGTAGCTAGCTAGCTAGCTACGATCGATCGATCGTAGCTAGCT,'AG',0.548629,0.866,1,'AG',0.548629,'AC',0.115901,'G',0.070588,'GC',0.035344,'AT',0.027758,'C',0.022505,'AA',0.018938,'A',0.017182,'CT',0.011939,'CG',0.009588
44,TCGATCGTAGCTAGCTAGCTAGCTACGATCGATCGATCGTAGCTAGCTAG,'CT',0.769799,0.377,1,'CT',0.769799,'C',0.072175,'CC',0.021284,'TC',0.014287,'T',0.010530,'GC',0.008661,'TT',0.006695,'CG',0.006469,'G',0.005233,'AT',0.005106
45,GATCGTAGCTAGCTAGCTAGCTACGATCGATCGATCGTAGCTAGCTAGCT,'AG',0.484374,1.046,1,'AG',0.484374,'AC',0.193497,'G',0.062543,'GC',0.035282,'AT',0.028511,'C',0.022882,'AA',0.017162,'A',0.016859,'CT',0.012995,'CC',0.009079
46,TCGTAGCTAGCTAGCTAGCTACGATCGATCGATCGTAGCTAGCTAGCTAG,'CT',0.747012,0.421,1,'CT',0.747012,'C',0.079132,'CC',0.021988,'TC',0.013500,'T',0.010981,'GC',0.010300,'AC',0.006979,'TT',0.006922,'G',0.006870,'CG',0.006817
47,GTAGCTAGCTAGCTAGCTACGATCGATCGATCGTAGCTAGCTAGCTAGCT,'AC',0.236184,2.082,2,'AG',0.443083,'AC',0.236184,'G',0.061943,'GC',0.035326,'AT',0.028855,'C',0.024155,'A',0.016655,'AA',0.015459,'CT',0.013673,'CC',0.008688
48,AGCTAGCTAGCTAGCTACGATCGATCGATCGTAGCTAGCTAGCTAGCTAC,'G',0.910671,0.135,1,'G',0.910671,'GT',0.028545,'GC',0.008061,'C',0.006852,' G',0.005737,'GG',0.004484,'AG',0.003117,'CT',0.003106,'CG',0.002652,'T',0.002228
49,GCTAGCTAGCTAGCTACGATCGATCGATCGTAGCTAGCTAGCTAGCTACG,'AT',0.817554,0.291,1,'AT',0.817554,'AG',0.036815,'CT',0.028169,'GT',0.013138,'AC',0.011612,'ATT',0.010760,'\n',0.006575,'AA',0.006546,'ATA',0.004949,'TT',0.003015
50,TAGCTAGCTAGCTACGATCGATCGATCGTAGCTAGCTAGCTAGCTACGAT,'CG',0.707290,0.500,1,'CG',0.707290,'GC',0.082363,'C',0.053132,'G',0.044094,'CT',0.027363,'CC',0.016650,'GG',0.007547,'GT',0.006121,' CG',0.004544,' C',0.003179
51,GCTAGCTAGCTACGATCGATCGATCGTAGCTAGCTAGCTAGCTACGATCG,'AT',0.933047,0.100,1,'AT',0.933047,'AG',0.020076,'GT',0.005756,'AA',0.004207,'AC',0.004029,'ATT',0.003796,'CT',0.003470,'G',0.002877,'\n',0.002017,'T',0.001765
52,TAGCTAGCTACGATCGATCGATCGTAGCTAGCTAGCTAGCTACGATCGAT,'CG',0.585831,0.771,1,'CG',0.585831,'C',0.158234,'G',0.070682,'GC',0.056720,'CT',0.029907,'CC',0.018800,'GT',0.006483,' C',0.005982,'GG',0.005597,'\n',0.004416
53,GCTAGCTACGATCGATCGATCGTAGCTAGCTAGCTAGCTACGATCGATCG,'AT',0.906712,0.141,1,'AT',0.906712,'AG',0.025822,'AA',0.005803,'GT',0.005722,'AC',0.005712,'ATT',0.005251,'CT',0.005126,'G',0.004059,'T',0.002765,'\n',0.002484
54,TAGCTACGATCGATCGATCGTAGCTAGCTAGCTAGCTACGATCGATCGAT,'C',0.336017,1.573,2,'CG',0.348997,'C',0.336017,'G',0.097586,'GC',0.052095,'CT',0.035737,'CC',0.024925,' C',0.011452,'GT',0.008564,'AG',0.005600,'GG',0.005520
55,AGCTACGATCGATCGATCGTAGCTAGCTAGCTAGCTACGATCGATCGATC,'GT',0.859194,0.219,1,'GT',0.859194,'GC',0.041394,'G',0.020020,'AT',0.013567,'GG',0.006856,'AG',0.005059,'CT',0.003922,'GA',0.003129,'TG',0.003055,' GT',0.002431
56,CTACGATCGATCGATCGTAGCTAGCTAGCTAGCTACGATCGATCGATCGT,'AG',0.918174,0.123,1,'AG',0.918174,'G',0.021998,'AA',0.010256,'AT',0.005681,'AC',0.005139,'ACT',0.004222,'GC',0.004046,'GG',0.002305,'GA',0.002257,'A',0.001811
57,ACGATCGATCGATCGTAGCTAGCTAGCTAGCTACGATCGATCGATCGTAG,'CT',0.840125,0.251,1,'CT',0.840125,'C',0.046228,'CC',0.017810,'TC',0.010121,'T',0.008596,'TT',0.008000,'CG',0.005126,'GC',0.003692,'AT',0.003573,'GT',0.003392
58,GATCGATCGATCGTAGCTAGCTAGCTAGCTACGATCGATCGATCGTAGCT,'AG',0.698553,0.518,1,'AG',0.698553,'G',0.068521,'AC',0.047767,'GC',0.022073,'AT',0.020995,'AA',0.011931,'C',0.010770,'A',0.010161,'GG',0.007882,'CG',0.006850
59,TCGATCGATCGTAGCTAGCTAGCTAGCTACGATCGATCGATCGTAGCTAG,'CT',0.891365,0.166,1,'CT',0.891365,'C',0.040814,'CC',0.011435,'TC',0.007051,'T',0.005778,'TT',0.003404,'GC',0.002278,'CG',0.002262,'\n',0.001936,'AT',0.001616
60,GATCGATCGTAGCTAGCTAGCTAGCTACGATCGATCGATCGTAGCTAGCT,'AG',0.632842,0.660,1,'AG',0.632842,'AC',0.111330,'G',0.056891,'AT',0.024657,'GC',0.022518,'AA',0.013955,'A',0.012638,'C',0.012503,'CT',0.008129,'ACT',0.007444
61,TCGATCGTAGCTAGCTAGCTAGCTACGATCGATCGATCGTAGCTAGCTAG,'CT',0.892351,0.164,1,'CT',0.892351,'C',0.043655,'CC',0.010939,'TC',0.006459,'T',0.005107,'TT',0.002744,'GC',0.002348,'\n',0.002222,'CG',0.001818,'GG',0.001780
62,GATCGTAGCTAGCTAGCTAGCTACGATCGATCGATCGTAGCTAGCTAGCT,'AG',0.497902,1.006,1,'AG',0.497902,'AC',0.245678,'G',0.048967,'AT',0.026660,'GC',0.024137,'C',0.015068,'A',0.014329,'AA',0.013584,'CT',0.009687,'ACT',0.007749
63,TCGTAGCTAGCTAGCTAGCTACGATCGATCGATCGTAGCTAGCTAGCTAG,'CT',0.858947,0.219,1,'CT',0.858947,'C',0.055062,'CC',0.013970,'TC',0.007701,'T',0.006009,'GC',0.003978,'AC',0.003524,'TT',0.003409,'AT',0.002854,'\n',0.002822
64,GTAGCTAGCTAGCTAGCTACGATCGATCGATCGTAGCTAGCTAGCTAGCT,'AC',0.338311,1.564,2,'AG',0.407398,'AC',0.338311,'G',0.047345,'AT',0.026566,'GC',0.024576,'C',0.017054,'A',0.014816,'AA',0.012130,'CT',0.010319,'CC',0.007524
65,AGCTAGCTAGCTAGCTACGATCGATCGATCGTAGCTAGCTAGCTAGCTAC,'G',0.949363,0.075,1,'G',0.949363,'GT',0.014241,' G',0.005153,'C',0.004339,'GC',0.003961,'GG',0.002269,'\n',0.001375,'T',0.001367,'CT',0.001341,'CG',0.001148
66,GCTAGCTAGCTAGCTACGATCGATCGATCGTAGCTAGCTAGCTAGCTACG,'AT',0.942448,0.086,1,'AT',0.942448,'AG',0.012622,'CT',0.006617,'ATT',0.004902,'AC',0.004622,'\n',0.004088,'GT',0.003345,'AA',0.002524,'ATA',0.002218,'TA',0.000810
67,TAGCTAGCTAGCTACGATCGATCGATCGTAGCTAGCTAGCTAGCTACGAT,'CG',0.847515,0.239,1,'CG',0.847515,'GC',0.039664,'C',0.030859,'G',0.026503,'CT',0.013145,'CC',0.008784,'GG',0.004015,' CG',0.003790,'GT',0.002250,'\n',0.001950
68,GCTAGCTAGCTACGATCGATCGATCGTAGCTAGCTAGCTAGCTACGATCG,'AT',0.980138,0.029,1,'AT',0.980138,'AG',0.004852,'GT',0.002177,'AC',0.001705,'AA',0.001236,'ATT',0.001092,'\n',0.000827,'CT',0.000812,'T',0.000682,'G',0.000664
69,TAGCTAGCTACGATCGATCGATCGTAGCTAGCTAGCTAGCTACGATCGAT,'CG',0.722328,0.469,1,'CG',0.722328,'C',0.119667,'G',0.044790,'GC',0.033180,'CT',0.019315,'CC',0.013853,' CG',0.003507,'GT',0.003500,' C',0.003401,'GG',0.003302
70,GCTAGCTACGATCGATCGATCGTAGCTAGCTAGCTAGCTACGATCGATCG,'AT',0.975717,0.035,1,'AT',0.975717,'AG',0.005663,'AC',0.002079,'AA',0.001889,'GT',0.001655,'ATT',0.001320,'\n',0.001153,'T',0.000893,'CT',0.000889,'G',0.000782
71,TAGCTACGATCGATCGATCGTAGCTAGCTAGCTAGCTACGATCGATCGAT,'C',0.394506,1.342,1,'C',0.394506,'CG',0.380731,'G',0.076363,'GC',0.031371,'CT',0.026100,'CC',0.020562,' C',0.009412,'GT',0.005601,'GG',0.003509,'AC',0.003388
72,AGCTACGATCGATCGATCGTAGCTAGCTAGCTAGCTACGATCGATCGATC,'GT',0.901480,0.150,1,'GT',0.901480,'GC',0.027028,'G',0.013657,'AT',0.010903,'GG',0.004805,'CT',0.002956,'AG',0.002632,' GT',0.002444,'GA',0.002332,'TG',0.002184
73,CTACGATCGATCGATCGTAGCTAGCTAGCTAGCTACGATCGATCGATCGT,'AG',0.950880,0.073,1,'AG',0.950880,'G',0.013925,'AA',0.008007,'AC',0.003470,'AT',0.003019,'ACT',0.002094,'A',0.001576,'GA',0.001521,'\n',0.001450,'GG',0.001008
74,ACGATCGATCGATCGTAGCTAGCTAGCTAGCTACGATCGATCGATCGTAG,'CT',0.893994,0.162,1,'CT',0.893994,'C',0.043683,'CC',0.011037,'T',0.006419,'TC',0.004682,'TT',0.003833,'\n',0.002268,'ACT',0.002088,'CG',0.001792,'TA',0.001559
75,GATCGATCGATCGTAGCTAGCTAGCTAGCTACGATCGATCGATCGTAGCT,'AG',0.844248,0.244,1,'AG',0.844248,'G',0.039226,'AC',0.026104,'AT',0.012923,'GC',0.009541,'AA',0.007191,'GG',0.004907,'ACT',0.004804,'A',0.004624,'CG',0.002992
76,TCGATCGATCGTAGCTAGCTAGCTAGCTACGATCGATCGATCGTAGCTAG,'CT',0.945009,0.082,1,'CT',0.945009,'C',0.027175,'CC',0.005416,'T',0.003112,'TC',0.002710,'\n',0.001534,'TT',0.001196,' CT',0.000741,'TA',0.000713,'ACT',0.000563
77,GATCGATCGTAGCTAGCTAGCTAGCTACGATCGATCGATCGTAGCTAGCT,'AG',0.774370,0.369,1,'AG',0.774370,'AC',0.074268,'G',0.034871,'AT',0.019164,'GC',0.012044,'AA',0.009381,'ACT',0.006698,'A',0.006504,'GG',0.004819,'CT',0.004230
78,TCGATCGTAGCTAGCTAGCTAGCTACGATCGATCGATCGTAGCTAGCTAG,'CT',0.945037,0.082,1,'CT',0.945037,'C',0.028704,'CC',0.005148,'T',0.002687,'TC',0.002632,'\n',0.001751,'TT',0.000954,'TA',0.000735,' CT',0.000695,'GG',0.000562
79,GATCGTAGCTAGCTAGCTAGCTACGATCGATCGATCGTAGCTAGCTAGCT,'AG',0.593589,0.752,1,'AG',0.593589,'AC',0.226131,'G',0.032577,'AT',0.026077,'GC',0.015877,'AA',0.010378,'A',0.009072,'ACT',0.008406,'C',0.006795,'CT',0.006581
80,TCGTAGCTAGCTAGCTAGCTACGATCGATCGATCGTAGCTAGCTAGCTAG,'CT',0.916261,0.126,1,'CT',0.916261,'C',0.044045,'CC',0.007292,'T',0.003669,'TC',0.003540,'\n',0.002654,'AC',0.001415,'TT',0.001328,'GG',0.001039,'TA',0.001010
81,GTAGCTAGCTAGCTAGCTACGATCGATCGATCGTAGCTAGCTAGCTAGCT,'AC',0.377920,1.404,2,'AG',0.436808,'AC',0.377920,'G',0.031065,'AT',0.027187,'GC',0.017157,'A',0.010144,'AA',0.009250,'C',0.008910,'CT',0.007683,'ACT',0.007665
82,AGCTAGCTAGCTAGCTACGATCGATCGATCGTAGCTAGCTAGCTAGCTAC,'G',0.975427,0.036,1,'G',0.975427,'GT',0.007135,' G',0.002998,'GC',0.001951,'C',0.001752,'GG',0.001287,'\n',0.000727,'T',0.000569,'CG',0.000562,'CT',0.000515
83,GCTAGCTAGCTAGCTACGATCGATCGATCGTAGCTAGCTAGCTAGCTACG,'AT',0.977773,0.032,1,'AT',0.977773,'AG',0.004271,'ATT',0.002443,'AC',0.002097,'CT',0.002059,'\n',0.001554,'GT',0.001238,'AA',0.000932,'ATA',0.000882,'AP',0.000398
84,TAGCTAGCTAGCTACGATCGATCGATCGTAGCTAGCTAGCTAGCTACGAT,'CG',0.919129,0.122,1,'CG',0.919129,'C',0.024300,'G',0.018288,'GC',0.014778,'CT',0.003889,'CC',0.003451,' CG',0.003229,'\n',0.001768,'GG',0.001583,'GA',0.000570
85,GCTAGCTAGCTACGATCGATCGATCGTAGCTAGCTAGCTAGCTACGATCG,'AT',0.989610,0.015,1,'AT',0.989610,'AG',0.002599,'GT',0.001317,'AC',0.000934,'ATT',0.000611,'AA',0.000565,'CT',0.000403,'T',0.000391,'\n',0.000295,'G',0.000280
86,TAGCTAGCTACGATCGATCGATCGTAGCTAGCTAGCTAGCTACGATCGAT,'CG',0.775796,0.366,1,'CG',0.775796,'C',0.109306,'G',0.033131,'GC',0.022328,'CT',0.014808,'CC',0.011616,' CG',0.002847,' C',0.002417,'GG',0.002256,'\n',0.002159
87,GCTAGCTACGATCGATCGATCGTAGCTAGCTAGCTAGCTACGATCGATCG,'AT',0.985503,0.021,1,'AT',0.985503,'AG',0.003005,'AC',0.001375,'GT',0.001112,'AA',0.000995,'ATT',0.000751,'T',0.000652,'\n',0.000648,'CT',0.000485,' AT',0.000422
88,TAGCTACGATCGATCGATCGTAGCTAGCTAGCTAGCTACGATCGATCGAT,'C',0.460342,1.119,1,'C',0.460342,'CG',0.359268,'G',0.064563,'CT',0.021752,'GC',0.021035,'CC',0.018358,' C',0.008206,'GT',0.003950,'GG',0.002632,'AC',0.002449
89,AGCTACGATCGATCGATCGTAGCTAGCTAGCTAGCTACGATCGATCGATC,'GT',0.928208,0.107,1,'GT',0.928208,'GC',0.018533,'G',0.009586,'AT',0.008875,'GG',0.003626,' GT',0.002363,'CT',0.002175,'GA',0.001790,'TG',0.001700,'AG',0.001592
90,CTACGATCGATCGATCGTAGCTAGCTAGCTAGCTACGATCGATCGATCGT,'AG',0.958536,0.061,1,'AG',0.958536,'G',0.011098,'AA',0.006939,'AC',0.002963,'AT',0.002373,'A',0.001606,'\n',0.001524,'ACT',0.001524,'GA',0.001368,'GG',0.000773
91,ACGATCGATCGATCGTAGCTAGCTAGCTAGCTACGATCGATCGATCGTAG,'CT',0.949121,0.075,1,'CT',0.949121,'C',0.023042,'CC',0.006058,'T',0.003243,'TC',0.002348,'TT',0.001593,'\n',0.001374,'ACT',0.001093,'TA',0.000940,'CG',0.000497
92,GATCGATCGATCGTAGCTAGCTAGCTAGCTACGATCGATCGATCGTAGCT,'AG',0.903089,0.147,1,'AG',0.903089,'G',0.028342,'AC',0.016168,'AA',0.006662,'AT',0.005309,'A',0.004106,'\n',0.003720,'GC',0.002969,'ACT',0.002935,'GG',0.002470
93,TCGATCGATCGTAGCTAGCTAGCTAGCTACGATCGATCGATCGTAGCTAG,'CT',0.967720,0.047,1,'CT',0.967720,'C',0.016341,'CC',0.003485,'T',0.001897,'TC',0.001657,'\n',0.001150,'TT',0.000569,'TA',0.000458,' CT',0.000405,'ACT',0.000343
94,GATCGATCGTAGCTAGCTAGCTAGCTACGATCGATCGATCGTAGCTAGCT,'AG',0.849228,0.236,1,'AG',0.849228,'AC',0.056682,'G',0.024362,'AT',0.009661,'AA',0.008684,'A',0.005420,'GC',0.004881,'ACT',0.004670,'\n',0.003829,'GG',0.002590
95,TCGATCGTAGCTAGCTAGCTAGCTACGATCGATCGATCGTAGCTAGCTAG,'CT',0.965169,0.051,1,'CT',0.965169,'C',0.018810,'CC',0.003513,'T',0.001744,'TC',0.001715,'\n',0.001327,'TA',0.000491,'TT',0.000490,' CT',0.000399,'AC',0.000300
96,GATCGTAGCTAGCTAGCTAGCTACGATCGATCGATCGTAGCTAGCTAGCT,'AG',0.658813,0.602,1,'AG',0.658813,'AC',0.225320,'G',0.020246,'AT',0.018826,'GC',0.009044,'AA',0.008528,'ACT',0.007420,'A',0.006287,'CC',0.003791,'CT',0.003730
97,TCGTAGCTAGCTAGCTAGCTACGATCGATCGATCGTAGCTAGCTAGCTAG,'CT',0.953223,0.069,1,'CT',0.953223,'C',0.026598,'CC',0.004447,'TC',0.002071,'T',0.001986,'\n',0.001653,'AC',0.000683,'TA',0.000612,'TT',0.000584,' CT',0.000458
98,GTAGCTAGCTAGCTAGCTACGATCGATCGATCGTAGCTAGCTAGCTAGCT,'AC',0.416257,1.264,2,'AG',0.454170,'AC',0.416257,'AT',0.022140,'G',0.019960,'GC',0.011160,'AA',0.007425,'A',0.007302,'ACT',0.007263,'CT',0.005235,'C',0.005023
99,AGCTAGCTAGCTAGCTACGATCGATCGATCGTAGCTAGCTAGCTAGCTAC,'G',0.988216,0.017,1,'G',0.988216,'GT',0.003633,' G',0.001807,'GC',0.000843,'C',0.000733,'GG',0.000633,'\n',0.000407,'CG',0.000241,'T',0.000236,'GL',0.000191
100,GCTAGCTAGCTAGCTACGATCGATCGATCGTAGCTAGCTAGCTAGCTACG,'AT',0.985861,0.021,1,'AT',0.985861,'AG',0.002677,'ATT',0.001942,'CT',0.001296,'AC',0.001276,'GT',0.000867,'\n',0.000673,'ATA',0.000595,'AA',0.000548,'AP',0.000274
101,TAGCTAGCTAGCTACGATCGATCGATCGTAGCTAGCTAGCTAGCTACGAT,'CG',0.947397,0.078,1,'CG',0.947397,'C',0.019321,'G',0.012552,'GC',0.007195,' CG',0.002192,'CC',0.001826,'CT',0.001807,'\n',0.001650,'GG',0.000646,'GL',0.000412
102,GCTAGCTAGCTACGATCGATCGATCGTAGCTAGCTAGCTAGCTACGATCG,'AT',0.991979,0.012,1,'AT',0.991979,'AG',0.002000,'GT',0.001086,'AC',0.000693,'ATT',0.000503,'AA',0.000395,'T',0.000328,'CT',0.000300,'G',0.000194,'\n',0.000183
103,TAGCTAGCTACGATCGATCGATCGTAGCTAGCTAGCTAGCTACGATCGAT,'CG',0.804053,0.315,1,'CG',0.804053,'C',0.108692,'G',0.025497,'GC',0.015839,'CT',0.011733,'CC',0.009727,' CG',0.002354,' C',0.001867,'GG',0.001528,'\n',0.001507
104,GCTAGCTACGATCGATCGATCGTAGCTAGCTAGCTAGCTACGATCGATCG,'AT',0.989664,0.015,1,'AT',0.989664,'AG',0.002286,'AC',0.000949,'GT',0.000906,'AA',0.000645,'ATT',0.000599,'T',0.000500,'\n',0.000341,'CT',0.000337,'G',0.000262
105,TAGCTACGATCGATCGATCGTAGCTAGCTAGCTAGCTACGATCGATCGAT,'C',0.526523,0.925,1,'C',0.526523,'CG',0.321111,'G',0.055823,'CT',0.018577,'CC',0.016320,'GC',0.015186,' C',0.007773,'GT',0.003012,'\n',0.002078,'GG',0.001991
106,AGCTACGATCGATCGATCGTAGCTAGCTAGCTAGCTACGATCGATCGATC,'GT',0.947411,0.078,1,'GT',0.947411,'GC',0.012235,'G',0.007180,'AT',0.006545,'GG',0.002651,' GT',0.002260,'CT',0.001504,'TG',0.001324,'GA',0.001303,'\n',0.001237
107,CTACGATCGATCGATCGTAGCTAGCTAGCTAGCTACGATCGATCGATCGT,'AG',0.967398,0.048,1,'AG',0.967398,'G',0.008669,'AA',0.005680,'AC',0.002342,'AT',0.001960,'A',0.001326,'ACT',0.001191,'GA',0.001170,'\n',0.001019,'GG',0.000596
108,ACGATCGATCGATCGTAGCTAGCTAGCTAGCTACGATCGATCGATCGTAG,'CT',0.952225,0.071,1,'CT',0.952225,'C',0.022053,'CC',0.005598,'T',0.003315,'TC',0.002079,'\n',0.001353,'TT',0.001291,'ACT',0.001024,'TA',0.000811,'AT',0.000462
109,GATCGATCGATCGTAGCTAGCTAGCTAGCTACGATCGATCGATCGTAGCT,'AG',0.930251,0.104,1,'AG',0.930251,'G',0.019735,'AC',0.013470,'AA',0.005783,'\n',0.003787,'AT',0.003684,'A',0.003476,'ACT',0.002082,'GG',0.001267,'GC',0.001253
110,TCGATCGATCGTAGCTAGCTAGCTAGCTACGATCGATCGATCGTAGCTAG,'CT',0.973460,0.039,1,'CT',0.973460,'C',0.013867,'CC',0.003042,'T',0.001575,'TC',0.001316,'\n',0.000763,'TT',0.000463,'TA',0.000310,'ACT',0.000307,' CT',0.000263
111,GATCGATCGTAGCTAGCTAGCTAGCTACGATCGATCGATCGTAGCTAGCT,'AG',0.857716,0.221,1,'AG',0.857716,'AC',0.062719,'G',0.020045,'AA',0.009104,'AT',0.006750,'A',0.006120,'\n',0.005325,'ACT',0.003969,'GC',0.002547,'C',0.001952
112,TCGATCGTAGCTAGCTAGCTAGCTACGATCGATCGATCGTAGCTAGCTAG,'CT',0.968645,0.046,1,'CT',0.968645,'C',0.017466,'CC',0.003322,'T',0.001547,'TC',0.001469,'\n',0.001017,'TT',0.000421,'TA',0.000365,' CT',0.000288,'ACT',0.000282
113,GATCGTAGCTAGCTAGCTAGCTACGATCGATCGATCGTAGCTAGCTAGCT,'AG',0.636802,0.651,1,'AG',0.636802,'AC',0.257657,'G',0.019622,'AT',0.012153,'AA',0.010276,'A',0.009011,'ACT',0.006170,'GC',0.005169,'\n',0.004885,'C',0.003785
114,TCGTAGCTAGCTAGCTAGCTACGATCGATCGATCGTAGCTAGCTAGCTAG,'CT',0.954194,0.068,1,'CT',0.954194,'C',0.026631,'CC',0.004440,'T',0.001944,'TC',0.001875,'\n',0.001572,'AC',0.000708,'TA',0.000524,'TT',0.000515,'AT',0.000368
115,GTAGCTAGCTAGCTAGCTACGATCGATCGATCGTAGCTAGCTAGCTAGCT,'AC',0.446267,1.164,2,'AG',0.453703,'AC',0.446267,'AT',0.015756,'G',0.015529,'A',0.007570,'AA',0.007258,'GC',0.006713,'ACT',0.006038,'C',0.003882,'ACC',0.003386
116,AGCTAGCTAGCTAGCTACGATCGATCGATCGTAGCTAGCTAGCTAGCTAC,'G',0.992154,0.011,1,'G',0.992154,'GT',0.002166,' G',0.001564,'C',0.000520,'\n',0.000463,'GC',0.000405,'GG',0.000320,'T',0.000162,'GL',0.000149,'CG',0.000121
117,GCTAGCTAGCTAGCTACGATCGATCGATCGTAGCTAGCTAGCTAGCTACG,'AT',0.988904,0.016,1,'AT',0.988904,'AG',0.002068,'ATT',0.001675,'AC',0.000987,'CT',0.000959,'GT',0.000701,'ATA',0.000478,'\n',0.000433,'AA',0.000395,'AP',0.000235
118,TAGCTAGCTAGCTACGATCGATCGATCGTAGCTAGCTAGCTAGCTACGAT,'CG',0.945443,0.081,1,'CG',0.945443,'C',0.021700,'G',0.013710,'GC',0.006242,'\n',0.001776,'CC',0.001675,' CG',0.001649,'CT',0.001470,'GG',0.000533,'GL',0.000486
119,GCTAGCTAGCTACGATCGATCGATCGTAGCTAGCTAGCTAGCTACGATCG,'AT',0.993104,0.010,1,'AT',0.993104,'AG',0.001771,'GT',0.000965,'AC',0.000585,'ATT',0.000456,'AA',0.000310,'T',0.000285,'CT',0.000242,'G',0.000153,'A',0.000129
120,TAGCTAGCTACGATCGATCGATCGTAGCTAGCTAGCTAGCTACGATCGAT,'CG',0.861618,0.215,1,'CG',0.861618,'C',0.080942,'G',0.016880,'GC',0.010757,'CT',0.007652,'CC',0.006837,' CG',0.001893,' C',0.001084,'GG',0.000902,'\n',0.000874
121,GCTAGCTACGATCGATCGATCGTAGCTAGCTAGCTAGCTACGATCGATCG,'AT',0.991856,0.012,1,'AT',0.991856,'AG',0.001886,'GT',0.000781,'AC',0.000732,'ATT',0.000506,'AA',0.000464,'T',0.000396,'CT',0.000252,'A',0.000213,'\n',0.000209
122,TAGCTACGATCGATCGATCGTAGCTAGCTAGCTAGCTACGATCGATCGAT,'C',0.541929,0.884,1,'C',0.541929,'CG',0.327165,'G',0.048550,'CT',0.016091,'CC',0.014679,'GC',0.012227,' C',0.006896,'GT',0.002321,'\n',0.001686,'GG',0.001551
123,AGCTACGATCGATCGATCGTAGCTAGCTAGCTAGCTACGATCGATCGATC,'GT',0.957421,0.063,1,'GT',0.957421,'GC',0.007474,'G',0.006752,'AT',0.004414,' GT',0.002518,'GG',0.002074,'\n',0.001850,'TG',0.000985,'GA',0.000977,'CT',0.000950
124,CTACGATCGATCGATCGTAGCTAGCTAGCTAGCTACGATCGATCGATCGT,'AG',0.978205,0.032,1,'AG',0.978205,'G',0.005536,'AA',0.004001,'AC',0.001503,'AT',0.001281,'A',0.000928,'GA',0.000850,'ACT',0.000795,'\n',0.000589,'GG',0.000400
125,ACGATCGATCGATCGTAGCTAGCTAGCTAGCTACGATCGATCGATCGTAG,'CT',0.964702,0.052,1,'CT',0.964702,'C',0.016770,'CC',0.004614,'T',0.002329,'TC',0.001516,'TT',0.001007,'ACT',0.000821,'\n',0.000710,'TA',0.000498,'AT',0.000306
126,GATCGATCGATCGTAGCTAGCTAGCTAGCTACGATCGATCGATCGTAGCT,'AG',0.939029,0.091,1,'AG',0.939029,'G',0.016536,'AC',0.010866,'AA',0.005588,'\n',0.004198,'A',0.003534,'AT',0.003256,'ACT',0.001666,'GG',0.000880,'GA',0.000708
127,TCGATCGATCGTAGCTAGCTAGCTAGCTACGATCGATCGATCGTAGCTAG,'CT',0.983285,0.024,1,'CT',0.983285,'C',0.008851,'CC',0.002195,'T',0.000922,'TC',0.000872,'TT',0.000316,'\n',0.000315,'ACT',0.000215,'CS',0.000180,'TA',0.000161
128,GATCGATCGTAGCTAGCTAGCTAGCTACGATCGATCGATCGTAGCTAGCT,'AG',0.891107,0.166,1,'AG',0.891107,'AC',0.046422,'G',0.014532,'AA',0.008271,'\n',0.005696,'AT',0.005486,'A',0.005314,'ACT',0.003029,'GC',0.001207,'C',0.001048
129,TCGATCGTAGCTAGCTAGCTAGCTACGATCGATCGATCGTAGCTAGCTAG,'CT',0.980174,0.029,1,'CT',0.980174,'C',0.011158,'CC',0.002379,'TC',0.000992,'T',0.000929,'\n',0.000444,'TT',0.000298,'TA',0.000203,'ACT',0.000194,'CS',0.000190
130,GATCGTAGCTAGCTAGCTAGCTACGATCGATCGATCGTAGCTAGCTAGCT,'AG',0.688703,0.538,1,'AG',0.688703,'AC',0.232876,'G',0.013305,'AA',0.009746,'AT',0.008435,'A',0.007919,'\n',0.005665,'ACT',0.004960,'GC',0.002447,'C',0.002305
131,TCGTAGCTAGCTAGCTAGCTACGATCGATCGATCGTAGCTAGCTAGCTAG,'CT',0.967607,0.048,1,'CT',0.967607,'C',0.018843,'CC',0.003470,'TC',0.001409,'T',0.001346,'\n',0.000917,'AC',0.000448,'TT',0.000387,'TA',0.000347,'ACT',0.000271
132,GTAGCTAGCTAGCTAGCTACGATCGATCGATCGTAGCTAGCTAGCTAGCT,'AC',0.486774,1.039,1,'AC',0.486774,'AG',0.428156,'G',0.013129,'AT',0.009758,'A',0.009193,'AA',0.008032,'ACT',0.004861,'\n',0.004572,'C',0.003696,'GC',0.003612
133,AGCTAGCTAGCTAGCTACGATCGATCGATCGTAGCTAGCTAGCTAGCTAC,'G',0.994433,0.008,1,'G',0.994433,' G',0.001100,'GT',0.000838,'\n',0.000760,'C',0.000492,'T',0.000161,'GL',0.000138,'GG',0.000118,'GC',0.000111,'R',0.000098
134,GCTAGCTAGCTAGCTACGATCGATCGATCGTAGCTAGCTAGCTAGCTACG,'AT',0.991786,0.012,1,'AT',0.991786,'AG',0.001417,'ATT',0.001321,'AC',0.000718,'CT',0.000678,'GT',0.000553,'ATA',0.000369,'\n',0.000272,'AA',0.000271,'ATS',0.000210
135,TAGCTAGCTAGCTACGATCGATCGATCGTAGCTAGCTAGCTAGCTACGAT,'CG',0.957051,0.063,1,'CG',0.957051,'C',0.017364,'G',0.011758,'GC',0.004915,'CC',0.001111,'\n',0.001012,' CG',0.000982,'CT',0.000940,'GL',0.000430,'GG',0.000422
136,GCTAGCTAGCTACGATCGATCGATCGTAGCTAGCTAGCTAGCTACGATCG,'AT',0.993945,0.009,1,'AT',0.993945,'AG',0.001615,'GT',0.000890,'AC',0.000525,'ATT',0.000375,'T',0.000253,'AA',0.000250,'CT',0.000202,'G',0.000137,'ATS',0.000126
137,TAGCTAGCTACGATCGATCGATCGTAGCTAGCTAGCTAGCTACGATCGAT,'CG',0.891813,0.165,1,'CG',0.891813,'C',0.073956,'G',0.013610,'GC',0.004915,'CC',0.002792,'CT',0.002272,' CG',0.001887,'\n',0.001481,' C',0.000525,'GL',0.000497
138,GCTAGCTACGATCGATCGATCGTAGCTAGCTAGCTAGCTACGATCGATCG,'AT',0.993837,0.009,1,'AT',0.993837,'AG',0.001421,'GT',0.000632,'AC',0.000556,'ATT',0.000367,'AA',0.000323,'T',0.000321,'CT',0.000182,'A',0.000177,'ATS',0.000157
139,TAGCTACGATCGATCGATCGTAGCTAGCTAGCTAGCTACGATCGATCGAT,'C',0.563713,0.827,1,'C',0.563713,'CG',0.330524,'G',0.041549,'CT',0.012541,'CC',0.011796,'GC',0.009109,' C',0.005488,'GT',0.001501,'\n',0.001334,'GG',0.001176
140,AGCTACGATCGATCGATCGTAGCTAGCTAGCTAGCTACGATCGATCGATC,'GT',0.979074,0.031,1,'GT',0.979074,'G',0.003233,'GC',0.002167,'AT',0.002098,' GT',0.001891,'\n',0.001530,'GG',0.000932,'TG',0.000545,'GA',0.000486,'gt',0.000403
141,CTACGATCGATCGATCGTAGCTAGCTAGCTAGCTACGATCGATCGATCGT,'AG',0.983670,0.024,1,'AG',0.983670,'G',0.004218,'AA',0.003098,'AC',0.001025,'AT',0.000914,'A',0.000724,'GA',0.000651,'ACT',0.000531,'\n',0.000401,'GG',0.000321
142,ACGATCGATCGATCGTAGCTAGCTAGCTAGCTACGATCGATCGATCGTAG,'CT',0.977307,0.033,1,'CT',0.977307,'C',0.010921,'CC',0.003304,'T',0.001453,'TC',0.001047,'TT',0.000710,'ACT',0.000519,'\n',0.000315,'TA',0.000274,'CL',0.000216
143,GATCGATCGATCGTAGCTAGCTAGCTAGCTACGATCGATCGATCGTAGCT,'AG',0.951613,0.072,1,'AG',0.951613,'G',0.012759,'AC',0.007962,'AA',0.004744,'\n',0.003389,'A',0.002978,'AT',0.002676,'ACT',0.001365,'GG',0.000669,'GA',0.000602
144,TCGATCGATCGTAGCTAGCTAGCTAGCTACGATCGATCGATCGTAGCTAG,'CT',0.989271,0.016,1,'CT',0.989271,'C',0.005646,'CC',0.001590,'TC',0.000609,'T',0.000549,'TT',0.000221,'ACT',0.000141,'\n',0.000137,'CS',0.000124,'TA',0.000086
145,GATCGATCGTAGCTAGCTAGCTAGCTACGATCGATCGATCGTAGCTAGCT,'AG',0.911207,0.134,1,'AG',0.911207,'AC',0.034275,'G',0.011771,'AA',0.007496,'\n',0.005570,'A',0.004888,'AT',0.004827,'ACT',0.002634,'GC',0.000792,'GA',0.000702
146,TCGATCGTAGCTAGCTAGCTAGCTACGATCGATCGATCGTAGCTAGCTAG,'CT',0.987448,0.018,1,'CT',0.987448,'C',0.007063,'CC',0.001680,'TC',0.000693,'T',0.000555,'TT',0.000208,'\n',0.000192,'CS',0.000132,'ACT',0.000128,'TA',0.000108
147,GATCGTAGCTAGCTAGCTAGCTACGATCGATCGATCGTAGCTAGCTAGCT,'AG',0.719644,0.475,1,'AG',0.719644,'AC',0.213054,'G',0.010053,'AA',0.008902,'AT',0.007896,'A',0.007280,'\n',0.005990,'ACT',0.004660,'GC',0.001600,'C',0.001473
148,TCGTAGCTAGCTAGCTAGCTACGATCGATCGATCGTAGCTAGCTAGCTAG,'CT',0.979524,0.030,1,'CT',0.979524,'C',0.012155,'CC',0.002401,'TC',0.000990,'T',0.000818,'\n',0.000384,'TT',0.000272,'AC',0.000227,'TA',0.000190,'CS',0.000177
149,GTAGCTAGCTAGCTAGCTACGATCGATCGATCGTAGCTAGCTAGCTAGCT,'AC',0.530362,0.915,1,'AC',0.530362,'AG',0.406791,'G',0.008565,'A',0.007775,'AT',0.007605,'AA',0.006581,'\n',0.004373,'ACT',0.004164,'C',0.002295,'GC',0.002107
150,AGCTAGCTAGCTAGCTACGATCGATCGATCGTAGCTAGCTAGCTAGCTAC,'G',0.996032,0.006,1,'G',0.996032,'\n',0.000722,' G',0.000619,'GT',0.000451,'C',0.000330,'GL',0.000117,'T',0.000117,'R',0.000094,'M',0.000085,'S',0.000077
151,GCTAGCTAGCTAGCTACGATCGATCGATCGTAGCTAGCTAGCTAGCTACG,'AT',0.993535,0.009,1,'AT',0.993535,'ATT',0.001056,'AG',0.001055,'AC',0.000547,'CT',0.000513,'GT',0.000488,'ATA',0.000278,'ATS',0.000198,'AA',0.000189,'\n',0.000185
152,TAGCTAGCTAGCTACGATCGATCGATCGTAGCTAGCTAGCTAGCTACGAT,'CG',0.966311,0.049,1,'CG',0.966311,'C',0.014129,'G',0.009365,'GC',0.004059,'CC',0.000700,' CG',0.000688,'CT',0.000625,'\n',0.000589,'GL',0.000361,'GG',0.000315
153,GCTAGCTAGCTACGATCGATCGATCGTAGCTAGCTAGCTAGCTACGATCG,'AT',0.994976,0.007,1,'AT',0.994976,'AG',0.001276,'GT',0.000786,'AC',0.000428,'ATT',0.000289,'T',0.000237,'AA',0.000195,'CT',0.000157,'ATS',0.000127,'A',0.000113
154,TAGCTAGCTACGATCGATCGATCGTAGCTAGCTAGCTAGCTACGATCGAT,'CG',0.791193,0.338,1,'CG',0.791193,'C',0.171306,'G',0.017252,'GC',0.003956,'CC',0.002831,'CT',0.002284,'\n',0.002016,' CG',0.001213,'GL',0.000691,' C',0.000499
155,GCTAGCTACGATCGATCGATCGTAGCTAGCTAGCTAGCTACGATCGATCG,'AT',0.994472,0.008,1,'AT',0.994472,'AG',0.001212,'GT',0.000616,'AC',0.000495,'T',0.000328,'ATT',0.000303,'AA',0.000265,'A',0.000177,'CT',0.000160,'ATS',0.000155
156,TAGCTACGATCGATCGATCGTAGCTAGCTAGCTAGCTACGATCGATCGAT,'C',0.685126,0.546,1,'C',0.685126,'CG',0.232291,'G',0.034039,'CT',0.009528,'CC',0.009050,'GC',0.005906,' C',0.004939,'\n',0.001070,'GT',0.000999,'CCC',0.000969
157,AGCTACGATCGATCGATCGTAGCTAGCTAGCTAGCTACGATCGATCGATC,'GT',0.982496,0.025,1,'GT',0.982496,'G',0.002735,'AT',0.001768,' GT',0.001477,'\n',0.001433,'GC',0.001267,'GG',0.000694,'TG',0.000493,'GA',0.000425,'gt',0.000404
158,CTACGATCGATCGATCGTAGCTAGCTAGCTAGCTACGATCGATCGATCGT,'AG',0.986980,0.019,1,'AG',0.986980,'G',0.003424,'AA',0.002411,'AC',0.000739,'AT',0.000739,'A',0.000594,'GA',0.000546,'ACT',0.000426,'\n',0.000285,'GG',0.000255
159,ACGATCGATCGATCGTAGCTAGCTAGCTAGCTACGATCGATCGATCGTAG,'CT',0.983649,0.024,1,'CT',0.983649,'C',0.008014,'CC',0.002319,'T',0.001088,'TC',0.000785,'TT',0.000532,'ACT',0.000373,'\n',0.000187,'TA',0.000177,'CL',0.000173
160,GATCGATCGATCGTAGCTAGCTAGCTAGCTACGATCGATCGATCGTAGCT,'AG',0.964415,0.052,1,'AG',0.964415,'G',0.009688,'AC',0.005511,'AA',0.003648,'A',0.002312,'\n',0.002178,'AT',0.002000,'ACT',0.001078,'GA',0.000489,'GG',0.000478
161,TCGATCGATCGTAGCTAGCTAGCTAGCTACGATCGATCGATCGTAGCTAG,'CT',0.991789,0.012,1,'CT',0.991789,'C',0.004382,'CC',0.001213,'TC',0.000484,'T',0.000427,'TT',0.000177,'ACT',0.000108,'CS',0.000093,'\n',0.000085,'TA',0.000056
162,GATCGATCGTAGCTAGCTAGCTAGCTACGATCGATCGATCGTAGCTAGCT,'AG',0.922706,0.116,1,'AG',0.922706,'AC',0.031545,'G',0.009793,'AA',0.006462,'A',0.004517,'AT',0.004158,'\n',0.004136,'ACT',0.002316,'GC',0.000642,'GA',0.000636
163,TCGATCGTAGCTAGCTAGCTAGCTACGATCGATCGATCGTAGCTAGCTAG,'CT',0.989667,0.015,1,'CT',0.989667,'C',0.005999,'CC',0.001374,'TC',0.000580,'T',0.000451,'TT',0.000171,'\n',0.000120,'ACT',0.000105,'CS',0.000104,'TA',0.000073
164,GATCGTAGCTAGCTAGCTAGCTACGATCGATCGATCGTAGCTAGCTAGCT,'AG',0.658051,0.604,1,'AG',0.658051,'AC',0.272810,'G',0.009641,'A',0.008955,'AA',0.008902,'AT',0.008067,'\n',0.006025,'ACT',0.004551,'GC',0.001496,'C',0.001489
165,TCGTAGCTAGCTAGCTAGCTACGATCGATCGATCGTAGCTAGCTAGCTAG,'CT',0.981557,0.027,1,'CT',0.981557,'C',0.011483,'CC',0.002102,'TC',0.000879,'T',0.000706,'\n',0.000257,'TT',0.000230,'AC',0.000206,'ACT',0.000151,'CS',0.000150
166,GTAGCTAGCTAGCTAGCTACGATCGATCGATCGTAGCTAGCTAGCTAGCT,'AC',0.607669,0.719,1,'AC',0.607669,'AG',0.333016,'A',0.008901,'G',0.007636,'AT',0.007088,'AA',0.005991,'\n',0.004240,'ACT',0.003545,'C',0.002148,'GC',0.001734
167,AGCTAGCTAGCTAGCTACGATCGATCGATCGTAGCTAGCTAGCTAGCTAC,'G',0.997122,0.004,1,'G',0.997122,'\n',0.000456,' G',0.000401,'GT',0.000360,'C',0.000243,'GL',0.000094,'T',0.000084,'R',0.000076,'M',0.000070,'F',0.000065
168,GCTAGCTAGCTAGCTACGATCGATCGATCGTAGCTAGCTAGCTAGCTACG,'AT',0.993819,0.009,1,'AT',0.993819,'AG',0.001070,'ATT',0.000932,'GT',0.000526,'AC',0.000513,'CT',0.000485,'ATA',0.000255,'ATS',0.000184,'AA',0.000162,'\n',0.000154
169,TAGCTAGCTAGCTACGATCGATCGATCGTAGCTAGCTAGCTAGCTACGAT,'CG',0.971997,0.041,1,'CG',0.971997,'C',0.012329,'G',0.007695,'GC',0.003539,'CC',0.000524,'CT',0.000472,' CG',0.000458,'\n',0.000336,'GL',0.000290,'GG',0.000236
170,GCTAGCTAGCTACGATCGATCGATCGTAGCTAGCTAGCTAGCTACGATCG,'AT',0.995321,0.007,1,'AT',0.995321,'AG',0.001213,'GT',0.000812,'AC',0.000371,'ATT',0.000239,'T',0.000230,'AA',0.000164,'CT',0.000137,'ATS',0.000121,'A',0.000110
171,TAGCTAGCTACGATCGATCGATCGTAGCTAGCTAGCTAGCTACGATCGAT,'CG',0.625181,0.678,1,'CG',0.625181,'C',0.332498,'G',0.020899,'CC',0.003520,'GC',0.003361,'CT',0.002663,'\n',0.002265,'GL',0.000736,' CG',0.000695,' C',0.000569
172,GCTAGCTACGATCGATCGATCGTAGCTAGCTAGCTAGCTACGATCGATCG,'AT',0.994479,0.008,1,'AT',0.994479,'AG',0.001227,'GT',0.000708,'AC',0.000467,'T',0.000352,'ATT',0.000274,'AA',0.000243,'A',0.000185,'CT',0.000161,'ATS',0.000143
173,TAGCTACGATCGATCGATCGTAGCTAGCTAGCTAGCTACGATCGATCGAT,'C',0.757588,0.401,1,'C',0.757588,'CG',0.178246,'G',0.027107,'CT',0.007672,'CC',0.007357,' C',0.004216,'GC',0.003794,'\n',0.000812,'CCC',0.000785,'GT',0.000709
174,AGCTACGATCGATCGATCGTAGCTAGCTAGCTAGCTACGATCGATCGATC,'GT',0.985425,0.021,1,'GT',0.985425,'G',0.002461,'AT',0.001494,' GT',0.001086,'\n',0.001053,'GC',0.000975,'GG',0.000570,'TG',0.000438,'GA',0.000389,'gt',0.000348
175,CTACGATCGATCGATCGTAGCTAGCTAGCTAGCTACGATCGATCGATCGT,'AG',0.988231,0.017,1,'AG',0.988231,'G',0.003217,'AA',0.002000,'AT',0.000651,'AC',0.000614,'A',0.000542,'GA',0.000531,'ACT',0.000400,'\n',0.000236,'GG',0.000225
176,ACGATCGATCGATCGTAGCTAGCTAGCTAGCTACGATCGATCGATCGTAG,'CT',0.985686,0.021,1,'CT',0.985686,'C',0.007242,'CC',0.001857,'T',0.000992,'TC',0.000648,'TT',0.000473,'ACT',0.000325,'\n',0.000154,'CL',0.000153,'TA',0.000144
177,GATCGATCGATCGTAGCTAGCTAGCTAGCTACGATCGATCGATCGTAGCT,'AG',0.970690,0.043,1,'AG',0.970690,'G',0.008846,'AC',0.004216,'AA',0.002944,'A',0.001982,'AT',0.001562,'\n',0.001412,'ACT',0.000861,'GA',0.000460,'AM',0.000430
178,TCGATCGATCGTAGCTAGCTAGCTAGCTACGATCGATCGATCGTAGCTAG,'CT',0.992406,0.011,1,'CT',0.992406,'C',0.004237,'CC',0.001026,'TC',0.000413,'T',0.000411,'TT',0.000159,'ACT',0.000097,'CS',0.000086,'\n',0.000070,'CL',0.000049
179,GATCGATCGTAGCTAGCTAGCTAGCTACGATCGATCGATCGTAGCTAGCT,'AG',0.923900,0.114,1,'AG',0.923900,'AC',0.033743,'G',0.009406,'AA',0.006012,'A',0.004646,'AT',0.003848,'\n',0.003076,'ACT',0.002116,'AM',0.000673,'GA',0.000645
180,TCGATCGTAGCTAGCTAGCTAGCTACGATCGATCGATCGTAGCTAGCTAG,'CT',0.989468,0.015,1,'CT',0.989468,'C',0.006425,'CC',0.001299,'TC',0.000537,'T',0.000455,'TT',0.000163,'\n',0.000103,'CS',0.000102,'ACT',0.000101,'TA',0.000064
181,GATCGTAGCTAGCTAGCTAGCTACGATCGATCGATCGTAGCTAGCTAGCT,'AG',0.629508,0.668,1,'AG',0.629508,'AC',0.301024,'A',0.010374,'G',0.009964,'AA',0.008696,'AT',0.007780,'\n',0.005137,'ACT',0.004170,'C',0.001593,'GC',0.001478
182,TCGTAGCTAGCTAGCTAGCTACGATCGATCGATCGTAGCTAGCTAGCTAG,'CT',0.980862,0.028,1,'CT',0.980862,'C',0.012467,'CC',0.002014,'TC',0.000822,'T',0.000719,'TT',0.000223,'\n',0.000216,'AC',0.000212,'ACT',0.000149,'CS',0.000148
183,GTAGCTAGCTAGCTAGCTACGATCGATCGATCGTAGCTAGCTAGCTAGCT,'AC',0.604818,0.725,1,'AC',0.604818,'AG',0.331843,'A',0.010595,'G',0.008239,'AT',0.007307,'AA',0.006358,'\n',0.004341,'ACT',0.003386,'C',0.002294,'GC',0.001646
184,AGCTAGCTAGCTAGCTACGATCGATCGATCGTAGCTAGCTAGCTAGCTAC,'G',0.997291,0.004,1,'G',0.997291,'\n',0.000409,' G',0.000365,'GT',0.000361,'C',0.000234,'GL',0.000089,'T',0.000079,'R',0.000069,'M',0.000067,'F',0.000065
185,GCTAGCTAGCTAGCTACGATCGATCGATCGTAGCTAGCTAGCTAGCTACG,'AT',0.993703,0.009,1,'AT',0.993703,'AG',0.001186,'ATT',0.000887,'GT',0.000559,'AC',0.000520,'CT',0.000485,'ATA',0.000247,'ATS',0.000167,'AA',0.000160,'AP',0.000148
186,TAGCTAGCTAGCTACGATCGATCGATCGTAGCTAGCTAGCTAGCTACGAT,'CG',0.972929,0.040,1,'CG',0.972929,'C',0.012287,'G',0.007469,'GC',0.003387,'CC',0.000495,'CT',0.000437,' CG',0.000360,'GL',0.000269,'\n',0.000240,'GG',0.000213
187,GCTAGCTAGCTACGATCGATCGATCGTAGCTAGCTAGCTAGCTACGATCG,'AT',0.995344,0.007,1,'AT',0.995344,'AG',0.001250,'GT',0.000825,'AC',0.000345,'ATT',0.000234,'T',0.000226,'AA',0.000156,'CT',0.000131,'ATS',0.000116,'A',0.000110
188,TAGCTAGCTACGATCGATCGATCGTAGCTAGCTAGCTAGCTACGATCGAT,'CG',0.571150,0.808,1,'CG',0.571150,'C',0.381770,'G',0.023960,'CC',0.003980,'GC',0.003246,'CT',0.002745,'\n',0.002510,'GL',0.000784,' C',0.000540,' CG',0.000529
189,GCTAGCTACGATCGATCGATCGTAGCTAGCTAGCTAGCTACGATCGATCG,'AT',0.994452,0.008,1,'AT',0.994452,'AG',0.001307,'GT',0.000763,'AC',0.000441,'T',0.000344,'ATT',0.000277,'AA',0.000227,'A',0.000181,'CT',0.000156,'G',0.000136
190,TAGCTACGATCGATCGATCGTAGCTAGCTAGCTAGCTACGATCGATCGAT,'C',0.728516,0.457,1,'C',0.728516,'CG',0.221425,'G',0.022327,'CC',0.006475,'CT',0.006187,' C',0.003056,'GC',0.002889,'CCC',0.000626,'\n',0.000576,'GT',0.000527
191,AGCTACGATCGATCGATCGTAGCTAGCTAGCTAGCTACGATCGATCGATC,'GT',0.986736,0.019,1,'GT',0.986736,'G',0.002407,'AT',0.001412,' GT',0.000918,'GC',0.000849,'\n',0.000815,'GG',0.000537,'TG',0.000430,'GA',0.000375,'gt',0.000301
192,CTACGATCGATCGATCGTAGCTAGCTAGCTAGCTACGATCGATCGATCGT,'AG',0.988448,0.017,1,'AG',0.988448,'G',0.003151,'AA',0.001884,'AT',0.000649,'AC',0.000606,'A',0.000547,'GA',0.000537,'ACT',0.000402,'AP',0.000219,'\n',0.000216
193,ACGATCGATCGATCGTAGCTAGCTAGCTAGCTACGATCGATCGATCGTAG,'CT',0.985785,0.021,1,'CT',0.985785,'C',0.007352,'CC',0.001779,'T',0.000988,'TC',0.000607,'TT',0.000460,'ACT',0.000324,'CL',0.000145,'\n',0.000139,'TA',0.000134
194,GATCGATCGATCGTAGCTAGCTAGCTAGCTACGATCGATCGATCGTAGCT,'AG',0.973121,0.039,1,'AG',0.973121,'G',0.008463,'AC',0.003740,'AA',0.002617,'A',0.001863,'AT',0.001420,'\n',0.001079,'ACT',0.000776,'GA',0.000439,'AM',0.000424
195,TCGATCGATCGTAGCTAGCTAGCTAGCTACGATCGATCGATCGTAGCTAG,'CT',0.992476,0.011,1,'CT',0.992476,'C',0.004259,'CC',0.000997,'T',0.000409,'TC',0.000383,'TT',0.000156,'ACT',0.000103,'CS',0.000086,'\n',0.000062,'CL',0.000048
196,GATCGATCGTAGCTAGCTAGCTAGCTACGATCGATCGATCGTAGCTAGCT,'AG',0.938692,0.091,1,'AG',0.938692,'AC',0.025261,'G',0.008590,'AA',0.005012,'A',0.003949,'AT',0.003186,'\n',0.002165,'ACT',0.001763,'AM',0.000649,'GA',0.000584
197,TCGATCGTAGCTAGCTAGCTAGCTACGATCGATCGATCGTAGCTAGCTAG,'CT',0.989995,0.015,1,'CT',0.989995,'C',0.006145,'CC',0.001222,'TC',0.000484,'T',0.000437,'TT',0.000155,'ACT',0.000106,'CS',0.000099,'\n',0.000087,'AT',0.000062
198,GATCGTAGCTAGCTAGCTAGCTACGATCGATCGATCGTAGCTAGCTAGCT,'AG',0.702322,0.510,1,'AG',0.702322,'AC',0.235130,'G',0.009257,'A',0.009255,'AA',0.008078,'AT',0.007004,'\n',0.004151,'ACT',0.003793,'C',0.001297,'GC',0.001194
199,TCGTAGCTAGCTAGCTAGCTACGATCGATCGATCGTAGCTAGCTAGCTAG,'CT',0.982785,0.025,1,'CT',0.982785,'C',0.011226,'CC',0.001840,'TC',0.000722,'T',0.000651,'TT',0.000205,'AC',0.000185,'\n',0.000170,'ACT',0.000149,'CS',0.000138
200,GTAGCTAGCTAGCTAGCTACGATCGATCGATCGTAGCTAGCTAGCTAGCT,'AC',0.533504,0.906,1,'AC',0.533504,'AG',0.402317,'A',0.010808,'G',0.008455,'AT',0.007311,'AA',0.006705,'\n',0.004312,'ACT',0.003530,'C',0.002047,'GC',0.001466
201,AGCTAGCTAGCTAGCTACGATCGATCGATCGTAGCTAGCTAGCTAGCTAC,'G',0.997377,0.004,1,'G',0.997377,'\n',0.000390,'GT',0.000348,' G',0.000342,'C',0.000229,'GL',0.000090,'T',0.000074,'F',0.000067,'M',0.000065,'R',0.000064
202,GCTAGCTAGCTAGCTACGATCGATCGATCGTAGCTAGCTAGCTAGCTACG,'AT',0.993911,0.009,1,'AT',0.993911,'AG',0.001171,'ATT',0.000855,'GT',0.000525,'AC',0.000514,'CT',0.000437,'ATA',0.000228,'AA',0.000159,'ATS',0.000156,'AP',0.000150
203,TAGCTAGCTAGCTACGATCGATCGATCGTAGCTAGCTAGCTAGCTACGAT,'CG',0.972200,0.041,1,'CG',0.972200,'C',0.012526,'G',0.008013,'GC',0.003421,'CC',0.000513,'CT',0.000421,' CG',0.000309,'GL',0.000273,'GG',0.000221,'\n',0.000198
204,GCTAGCTAGCTACGATCGATCGATCGTAGCTAGCTAGCTAGCTACGATCG,'AT',0.995497,0.007,1,'AT',0.995497,'AG',0.001247,'GT',0.000764,'AC',0.000340,'ATT',0.000241,'T',0.000210,'AA',0.000151,'CT',0.000121,'ATS',0.000114,'A',0.000102
205,TAGCTAGCTACGATCGATCGATCGTAGCTAGCTAGCTAGCTACGATCGAT,'CG',0.675188,0.567,1,'CG',0.675188,'C',0.277308,'G',0.024894,'GC',0.003613,'CC',0.003604,'\n',0.002310,'CT',0.002295,'GL',0.000879,' CG',0.000518,'CB',0.000463
206,GCTAGCTACGATCGATCGATCGTAGCTAGCTAGCTAGCTACGATCGATCG,'AT',0.995275,0.007,1,'AT',0.995275,'AG',0.001136,'GT',0.000629,'AC',0.000376,'T',0.000284,'ATT',0.000260,'AA',0.000188,'A',0.000150,'ATS',0.000131,'CT',0.000118
207,TAGCTACGATCGATCGATCGTAGCTAGCTAGCTAGCTACGATCGATCGAT,'C',0.794027,0.333,1,'C',0.794027,'CG',0.152741,'G',0.025478,'CC',0.005688,' C',0.004179,'CT',0.003556,'\n',0.002246,'GC',0.002033,'CCC',0.000499,' CG',0.000450
208,AGCTACGATCGATCGATCGTAGCTAGCTAGCTAGCTACGATCGATCGATC,'GT',0.986620,0.019,1,'GT',0.986620,'G',0.002411,'AT',0.001402,' GT',0.000939,'\n',0.000849,'GC',0.000768,'GG',0.000558,'TG',0.000454,'GA',0.000359,'gt',0.000308
209,CTACGATCGATCGATCGTAGCTAGCTAGCTAGCTACGATCGATCGATCGT,'AG',0.989320,0.015,1,'AG',0.989320,'G',0.002807,'AA',0.001806,'AT',0.000585,'AC',0.000553,'A',0.000535,'GA',0.000480,'ACT',0.000348,'AP',0.000209,'\n',0.000206
210,ACGATCGATCGATCGTAGCTAGCTAGCTAGCTACGATCGATCGATCGTAG,'CT',0.987234,0.019,1,'CT',0.987234,'C',0.006463,'CC',0.001686,'T',0.000880,'TC',0.000581,'TT',0.000415,'ACT',0.000296,'CL',0.000137,'CS',0.000124,'TA',0.000117
211,GATCGATCGATCGTAGCTAGCTAGCTAGCTACGATCGATCGATCGTAGCT,'AG',0.977572,0.033,1,'AG',0.977572,'G',0.006987,'AC',0.002974,'AA',0.002272,'A',0.001577,'AT',0.001187,'\n',0.000854,'ACT',0.000647,'GA',0.000376,'AM',0.000375
212,TCGATCGATCGTAGCTAGCTAGCTAGCTACGATCGATCGATCGTAGCTAG,'CT',0.993456,0.009,1,'CT',0.993456,'C',0.003597,'CC',0.000919,'TC',0.000361,'T',0.000359,'TT',0.000144,'ACT',0.000096,'CS',0.000077,'\n',0.000050,'CL',0.000044
213,GATCGATCGTAGCTAGCTAGCTAGCTACGATCGATCGATCGTAGCTAGCT,'AG',0.955163,0.066,1,'AG',0.955163,'AC',0.016578,'G',0.006779,'AA',0.004119,'A',0.002995,'AT',0.002421,'\n',0.001586,'ACT',0.001369,'AM',0.000552,'AF',0.000470
214,TCGATCGTAGCTAGCTAGCTAGCTACGATCGATCGATCGTAGCTAGCTAG,'CT',0.991808,0.012,1,'CT',0.991808,'C',0.004874,'CC',0.001065,'TC',0.000440,'T',0.000367,'TT',0.000140,'ACT',0.000094,'CS',0.000086,'\n',0.000067,'AT',0.000050
215,GATCGTAGCTAGCTAGCTAGCTACGATCGATCGATCGTAGCTAGCTAGCT,'AG',0.787914,0.344,1,'AG',0.787914,'AC',0.161222,'G',0.007449,'AA',0.007186,'A',0.007154,'AT',0.005682,'\n',0.003353,'ACT',0.003230,'AF',0.000874,'GC',0.000831
216,TCGTAGCTAGCTAGCTAGCTACGATCGATCGATCGTAGCTAGCTAGCTAG,'CT',0.986307,0.020,1,'CT',0.986307,'C',0.008707,'CC',0.001568,'TC',0.000642,'T',0.000529,'TT',0.000180,'AC',0.000136,'ACT',0.000130,'\n',0.000127,'CS',0.000118
217,GTAGCTAGCTAGCTAGCTACGATCGATCGATCGTAGCTAGCTAGCTAGCT,'AC',0.501786,0.995,1,'AC',0.501786,'AG',0.439747,'A',0.009834,'G',0.007122,'AT',0.006754,'AA',0.006496,'\n',0.004120,'ACT',0.003466,'C',0.001553,'ACC',0.001254
218,AGCTAGCTAGCTAGCTACGATCGATCGATCGTAGCTAGCTAGCTAGCTAC,'G',0.997825,0.003,1,'G',0.997825,'\n',0.000308,' G',0.000272,'GT',0.000259,'C',0.000180,'GL',0.000081,'F',0.000066,'T',0.000061,'R',0.000060,'M',0.000059
219,GCTAGCTAGCTAGCTACGATCGATCGATCGTAGCTAGCTAGCTAGCTACG,'AT',0.994397,0.008,1,'AT',0.994397,'AG',0.001016,'ATT',0.000801,'AC',0.000481,'GT',0.000476,'CT',0.000365,'ATA',0.000204,'AA',0.000153,'ATS',0.000153,'\n',0.000140
220,TAGCTAGCTAGCTACGATCGATCGATCGTAGCTAGCTAGCTAGCTACGAT,'CG',0.974617,0.037,1,'CG',0.974617,'C',0.010966,'G',0.007794,'GC',0.003186,'CC',0.000435,'CT',0.000335,'GL',0.000273,' CG',0.000261,'GG',0.000218,'\n',0.000171
221,GCTAGCTAGCTACGATCGATCGATCGTAGCTAGCTAGCTAGCTACGATCG,'AT',0.996008,0.006,1,'AT',0.996008,'AG',0.001050,'GT',0.000678,'AC',0.000312,'ATT',0.000216,'T',0.000196,'AA',0.000139,'ATS',0.000114,'CT',0.000100,'G',0.000094
222,TAGCTAGCTACGATCGATCGATCGTAGCTAGCTAGCTAGCTACGATCGAT,'CG',0.731971,0.450,1,'CG',0.731971,'C',0.223252,'G',0.024124,'GC',0.003554,'CC',0.002999,'\n',0.002171,'CT',0.001814,'GL',0.000948,' CG',0.000458,'CCC',0.000457
223,GCTAGCTACGATCGATCGATCGTAGCTAGCTAGCTAGCTACGATCGATCG,'AT',0.996111,0.006,1,'AT',0.996111,'AG',0.000856,'GT',0.000508,'AC',0.000309,'T',0.000250,'ATT',0.000218,'AA',0.000160,'ATS',0.000136,'A',0.000128,'CT',0.000085
224,TAGCTACGATCGATCGATCGTAGCTAGCTAGCTAGCTACGATCGATCGAT,'C',0.913648,0.130,1,'C',0.913648,'CG',0.055843,'G',0.016652,'CC',0.002667,' C',0.001704,'\n',0.001601,'CT',0.001571,'GC',0.000761,'GL',0.000336,'IC',0.000267
225,AGCTACGATCGATCGATCGTAGCTAGCTAGCTAGCTACGATCGATCGATC,'GT',0.986956,0.019,1,'GT',0.986956,'G',0.002236,'AT',0.001236,'\n',0.000979,' GT',0.000961,'GC',0.000650,'GG',0.000555,'TG',0.000438,'gt',0.000323,'GA',0.000319
226,CTACGATCGATCGATCGTAGCTAGCTAGCTAGCTACGATCGATCGATCGT,'AG',0.990575,0.014,1,'AG',0.990575,'G',0.002434,'AA',0.001713,'A',0.000476,'AT',0.000462,'AC',0.000428,'GA',0.000416,'ACT',0.000263,'\n',0.000200,'AP',0.000179
227,ACGATCGATCGATCGTAGCTAGCTAGCTAGCTACGATCGATCGATCGTAG,'CT',0.988699,0.016,1,'CT',0.988699,'C',0.005559,'CC',0.001536,'T',0.000801,'TC',0.000564,'TT',0.000406,'ACT',0.000248,'CL',0.000138,'TA',0.000110,'CS',0.000107
228,GATCGATCGATCGTAGCTAGCTAGCTAGCTACGATCGATCGATCGTAGCT,'AG',0.981764,0.027,1,'AG',0.981764,'G',0.005669,'AC',0.002161,'AA',0.002023,'A',0.001270,'AT',0.000921,'\n',0.000750,'ACT',0.000510,'AM',0.000319,'GA',0.000315
229,TCGATCGATCGTAGCTAGCTAGCTAGCTACGATCGATCGATCGTAGCTAG,'CT',0.994606,0.008,1,'CT',0.994606,'C',0.002835,'CC',0.000801,'TC',0.000344,'T',0.000303,'TT',0.000134,'ACT',0.000076,'CS',0.000063,'\n',0.000041,'CL',0.000040
230,GATCGATCGTAGCTAGCTAGCTAGCTACGATCGATCGATCGTAGCTAGCT,'AG',0.965281,0.051,1,'AG',0.965281,'AC',0.011636,'G',0.005425,'AA',0.003642,'A',0.002368,'AT',0.001876,'\n',0.001394,'ACT',0.001089,'AM',0.000474,'AF',0.000428
231,TCGATCGTAGCTAGCTAGCTAGCTACGATCGATCGATCGTAGCTAGCTAG,'CT',0.993235,0.010,1,'CT',0.993235,'C',0.003894,'CC',0.000924,'TC',0.000413,'T',0.000313,'TT',0.000131,'ACT',0.000076,'CS',0.000071,'\n',0.000055,'AT',0.000040
232,GATCGTAGCTAGCTAGCTAGCTACGATCGATCGATCGTAGCTAGCTAGCT,'AG',0.818523,0.289,1,'AG',0.818523,'AC',0.137238,'AA',0.006789,'A',0.006147,'G',0.006107,'AT',0.004850,'\n',0.003149,'ACT',0.002904,'AF',0.000832,'AM',0.000746
233,TCGTAGCTAGCTAGCTAGCTACGATCGATCGATCGTAGCTAGCTAGCTAG,'CT',0.988892,0.016,1,'CT',0.988892,'C',0.006891,'CC',0.001337,'TC',0.000591,'T',0.000442,'TT',0.000166,'ACT',0.000106,'\n',0.000102,'CS',0.000098,'AC',0.000097
234,GTAGCTAGCTAGCTAGCTACGATCGATCGATCGTAGCTAGCTAGCTAGCT,'AC',0.515874,0.955,1,'AC',0.515874,'AG',0.430779,'A',0.009099,'AA',0.006304,'AT',0.006123,'G',0.005848,'\n',0.004127,'ACT',0.003294,'C',0.001217,'ACC',0.001153
235,AGCTAGCTAGCTAGCTACGATCGATCGATCGTAGCTAGCTAGCTAGCTAC,'G',0.998224,0.003,1,'G',0.998224,'\n',0.000246,' G',0.000213,'GT',0.000179,'C',0.000134,'GL',0.000072,'F',0.000064,'R',0.000058,'M',0.000054,'H',0.000050
236,GCTAGCTAGCTAGCTACGATCGATCGATCGTAGCTAGCTAGCTAGCTACG,'AT',0.994941,0.007,1,'AT',0.994941,'AG',0.000870,'ATT',0.000709,'GT',0.000449,'AC',0.000439,'CT',0.000319,'ATA',0.000178,'ATS',0.000154,'AA',0.000140,'T',0.000132
237,TAGCTAGCTAGCTACGATCGATCGATCGTAGCTAGCTAGCTAGCTACGAT,'CG',0.976572,0.034,1,'CG',0.976572,'C',0.009918,'G',0.007392,'GC',0.003013,'CC',0.000363,'CT',0.000271,'GL',0.000269,' CG',0.000234,'GG',0.000210,'\n',0.000162
238,GCTAGCTAGCTACGATCGATCGATCGTAGCTAGCTAGCTAGCTACGATCG,'AT',0.996487,0.005,1,'AT',0.996487,'AG',0.000873,'GT',0.000617,'AC',0.000271,'T',0.000185,'ATT',0.000179,'AA',0.000126,'ATS',0.000114,'A',0.000087,'G',0.000082
239,TAGCTAGCTACGATCGATCGATCGTAGCTAGCTAGCTAGCTACGATCGAT,'CG',0.712695,0.489,1,'CG',0.712695,'C',0.241176,'G',0.025272,'GC',0.003605,'CC',0.002937,'\n',0.002298,'CT',0.001729,'GL',0.001001,'CCC',0.000491,'CB',0.000488
240,GCTAGCTACGATCGATCGATCGTAGCTAGCTAGCTAGCTACGATCGATCG,'AT',0.996585,0.005,1,'AT',0.996585,'AG',0.000700,'GT',0.000460,'AC',0.000270,'T',0.000237,'ATT',0.000179,'AA',0.000141,'ATS',0.000136,'A',0.000117,'G',0.000073
241,TAGCTACGATCGATCGATCGTAGCTAGCTAGCTAGCTACGATCGATCGAT,'C',0.958676,0.061,1,'C',0.958676,'CG',0.021422,'G',0.011486,'CC',0.001494,'\n',0.001161,' C',0.000867,'CT',0.000857,'GC',0.000350,'GL',0.000229,'IC',0.000169
242,AGCTACGATCGATCGATCGTAGCTAGCTAGCTAGCTACGATCGATCGATC,'GT',0.989231,0.016,1,'GT',0.989231,'G',0.001812,'AT',0.000939,'\n',0.000789,' GT',0.000753,'GG',0.000496,'GC',0.000495,'TG',0.000392,'gt',0.000307,'GS',0.000282
243,CTACGATCGATCGATCGTAGCTAGCTAGCTAGCTACGATCGATCGATCGT,'AG',0.991216,0.013,1,'AG',0.991216,'G',0.002317,'AA',0.001628,'A',0.000449,'AT',0.000410,'GA',0.000393,'AC',0.000371,'ACT',0.000227,'\n',0.000187,'GG',0.000167
244,ACGATCGATCGATCGTAGCTAGCTAGCTAGCTACGATCGATCGATCGTAG,'CT',0.989960,0.015,1,'CT',0.989960,'C',0.004896,'CC',0.001343,'T',0.000730,'TC',0.000547,'TT',0.000388,'ACT',0.000211,'CL',0.000126,'TA',0.000099,'\n',0.000090
245,GATCGATCGATCGTAGCTAGCTAGCTAGCTACGATCGATCGATCGTAGCT,'AG',0.984380,0.023,1,'AG',0.984380,'G',0.004778,'AC',0.001793,'AA',0.001792,'A',0.001109,'AT',0.000810,'\n',0.000642,'ACT',0.000460,'AM',0.000284,'GA',0.000276
246,TCGATCGATCGTAGCTAGCTAGCTAGCTACGATCGATCGATCGTAGCTAG,'CT',0.995154,0.007,1,'CT',0.995154,'C',0.002510,'CC',0.000725,'TC',0.000336,'T',0.000276,'TT',0.000129,'ACT',0.000069,'CS',0.000053,'CL',0.000035,'\n',0.000035
247,GATCGATCGTAGCTAGCTAGCTAGCTACGATCGATCGATCGTAGCTAGCT,'AG',0.970932,0.043,1,'AG',0.970932,'AC',0.009559,'G',0.004653,'AA',0.003110,'A',0.002011,'AT',0.001595,'\n',0.001094,'ACT',0.000962,'AM',0.000423,'AF',0.000376
248,TCGATCGTAGCTAGCTAGCTAGCTACGATCGATCGATCGTAGCTAGCTAG,'CT',0.994067,0.009,1,'CT',0.994067,'C',0.003363,'CC',0.000827,'TC',0.000388,'T',0.000281,'TT',0.000125,'ACT',0.000071,'CS',0.000060,'\n',0.000044,'AT',0.000036
249,GATCGTAGCTAGCTAGCTAGCTACGATCGATCGATCGTAGCTAGCTAGCT,'AG',0.843596,0.245,1,'AG',0.843596,'AC',0.118671,'AA',0.005902,'G',0.005239,'A',0.005236,'AT',0.004273,'ACT',0.002640,'\n',0.002472,'AF',0.000764,'AM',0.000686
250,TCGTAGCTAGCTAGCTAGCTACGATCGATCGATCGTAGCTAGCTAGCTAG,'CT',0.990382,0.014,1,'CT',0.990382,'C',0.005927,'CC',0.001173,'TC',0.000544,'T',0.000391,'TT',0.000153,'ACT',0.000098,'CS',0.000084,'AC',0.000080,'\n',0.000078
251,GTAGCTAGCTAGCTAGCTACGATCGATCGATCGTAGCTAGCTAGCTAGCT,'AC',0.502576,0.993,1,'AC',0.502576,'AG',0.449380,'A',0.008314,'AA',0.005779,'AT',0.005739,'G',0.005190,'\n',0.003456,'ACT',0.003175,'ACC',0.001039,'C',0.000978
252,AGCTAGCTAGCTAGCTACGATCGATCGATCGTAGCTAGCTAGCTAGCTAC,'G',0.998426,0.002,1,'G',0.998426,'\n',0.000213,' G',0.000181,'GT',0.000146,'C',0.000111,'GL',0.000070,'F',0.000065,'R',0.000053,'M',0.000050,'H',0.000049
253,GCTAGCTAGCTAGCTACGATCGATCGATCGTAGCTAGCTAGCTAGCTACG,'AT',0.995221,0.007,1,'AT',0.995221,'AG',0.000831,'ATT',0.000646,'GT',0.000451,'AC',0.000418,'CT',0.000305,'ATA',0.000159,'ATS',0.000151,'T',0.000129,'AA',0.000128
254,TAGCTAGCTAGCTACGATCGATCGATCGTAGCTAGCTAGCTAGCTACGAT,'CG',0.976993,0.034,1,'CG',0.976993,'C',0.009828,'G',0.007235,'GC',0.003047,'CC',0.000333,'GL',0.000257,'CT',0.000251,' CG',0.000207,'GG',0.000202,'\n',0.000141
255,GCTAGCTAGCTACGATCGATCGATCGTAGCTAGCTAGCTAGCTACGATCG,'AT',0.996865,0.005,1,'AT',0.996865,'AG',0.000749,'GT',0.000559,'AC',0.000239,'T',0.000181,'ATT',0.000154,'ATS',0.000110,'AA',0.000110,'A',0.000083,'G',0.000070
256,TAGCTAGCTACGATCGATCGATCGTAGCTAGCTAGCTAGCTACGATCGAT,'CG',0.613950,0.704,1,'CG',0.613950,'C',0.336746,'G',0.027697,'GC',0.003619,'CC',0.003305,'\n',0.002213,'CT',0.001927,'GL',0.000957,'CCC',0.000519,'CB',0.000509
257,GCTAGCTACGATCGATCGATCGTAGCTAGCTAGCTAGCTACGATCGATCG,'AT',0.996714,0.005,1,'AT',0.996714,'AG',0.000647,'GT',0.000467,'AC',0.000258,'T',0.000250,'ATT',0.000165,'ATS',0.000130,'AA',0.000128,'A',0.000117,'G',0.000072
258,TAGCTACGATCGATCGATCGTAGCTAGCTAGCTAGCTACGATCGATCGAT,'C',0.975231,0.036,1,'C',0.975231,'CG',0.009777,'G',0.008767,'CC',0.001038,'\n',0.000947,'CT',0.000580,' C',0.000565,'GC',0.000202,'GL',0.000153,'IC',0.000124
259,AGCTACGATCGATCGATCGTAGCTAGCTAGCTAGCTACGATCGATCGATC,'GT',0.991248,0.013,1,'GT',0.991248,'G',0.001483,'AT',0.000773,'\n',0.000570,' GT',0.000553,'GG',0.000414,'GC',0.000392,'TG',0.000349,'gt',0.000281,'GS',0.000242
260,CTACGATCGATCGATCGTAGCTAGCTAGCTAGCTACGATCGATCGATCGT,'AG',0.991749,0.012,1,'AG',0.991749,'G',0.002207,'AA',0.001503,'A',0.000418,'AT',0.000400,'GA',0.000384,'AC',0.000346,'ACT',0.000217,'\n',0.000163,'GG',0.000154
261,ACGATCGATCGATCGTAGCTAGCTAGCTAGCTACGATCGATCGATCGTAG,'CT',0.990917,0.013,1,'CT',0.990917,'C',0.004473,'CC',0.001164,'T',0.000680,'TC',0.000510,'TT',0.000358,'ACT',0.000200,'CL',0.000108,'TA',0.000086,'CS',0.000080
262,GATCGATCGATCGTAGCTAGCTAGCTAGCTACGATCGATCGATCGTAGCT,'AG',0.986367,0.020,1,'AG',0.986367,'G',0.004335,'AA',0.001518,'AC',0.001509,'A',0.000990,'AT',0.000711,'\n',0.000488,'ACT',0.000417,'AM',0.000265,'GA',0.000252
263,TCGATCGATCGTAGCTAGCTAGCTAGCTACGATCGATCGATCGTAGCTAG,'CT',0.995611,0.006,1,'CT',0.995611,'C',0.002288,'CC',0.000641,'TC',0.000312,'T',0.000258,'TT',0.000120,'ACT',0.000068,'CS',0.000046,'CL',0.000031,'\n',0.000029
264,GATCGATCGTAGCTAGCTAGCTAGCTACGATCGATCGATCGTAGCTAGCT,'AG',0.974018,0.038,1,'AG',0.974018,'AC',0.008774,'G',0.004195,'AA',0.002673,'A',0.001842,'AT',0.001442,'ACT',0.000892,'\n',0.000846,'AM',0.000400,'AF',0.000348
265,TCGATCGTAGCTAGCTAGCTAGCTACGATCGATCGATCGTAGCTAGCTAG,'CT',0.994370,0.008,1,'CT',0.994370,'C',0.003256,'CC',0.000758,'TC',0.000371,'T',0.000269,'TT',0.000116,'ACT',0.000070,'CS',0.000054,'\n',0.000037,'AT',0.000035
266,GATCGTAGCTAGCTAGCTAGCTACGATCGATCGATCGTAGCTAGCTAGCT,'AG',0.844850,0.243,1,'AG',0.844850,'AC',0.120842,'AA',0.005221,'A',0.005080,'G',0.004911,'AT',0.003960,'ACT',0.002455,'\n',0.001871,'AF',0.000728,'AM',0.000667
267,TCGTAGCTAGCTAGCTAGCTACGATCGATCGATCGTAGCTAGCTAGCTAG,'CT',0.990597,0.014,1,'CT',0.990597,'C',0.005944,'CC',0.001090,'TC',0.000526,'T',0.000384,'TT',0.000143,'ACT',0.000095,'AC',0.000079,'CS',0.000076,'AT',0.000067
268,GTAGCTAGCTAGCTAGCTACGATCGATCGATCGTAGCTAGCTAGCTAGCT,'AC',0.495505,1.013,1,'AC',0.495505,'AG',0.460250,'A',0.008035,'AT',0.005329,'AA',0.005309,'G',0.005036,'ACT',0.002938,'\n',0.002657,'ACC',0.000984,'GC',0.000919
269,AGCTAGCTAGCTAGCTACGATCGATCGATCGTAGCTAGCTAGCTAGCTAC,'G',0.998552,0.002,1,'G',0.998552,'\n',0.000183,' G',0.000159,'GT',0.000133,'C',0.000102,'GL',0.000065,'F',0.000064,'R',0.000051,'M',0.000048,'H',0.000046
270,GCTAGCTAGCTAGCTACGATCGATCGATCGTAGCTAGCTAGCTAGCTACG,'AT',0.995201,0.007,1,'AT',0.995201,'AG',0.000891,'ATT',0.000603,'GT',0.000480,'AC',0.000425,'CT',0.000309,'ATA',0.000154,'ATS',0.000146,'T',0.000131,'AA',0.000124
271,TAGCTAGCTAGCTACGATCGATCGATCGTAGCTAGCTAGCTAGCTACGAT,'CG',0.977463,0.033,1,'CG',0.977463,'C',0.010001,'G',0.006907,'GC',0.002992,'CC',0.000320,'CT',0.000237,'GL',0.000232,' CG',0.000181,'GG',0.000179,'GA',0.000118
272,GCTAGCTAGCTACGATCGATCGATCGTAGCTAGCTAGCTAGCTACGATCG,'AT',0.996922,0.004,1,'AT',0.996922,'AG',0.000754,'GT',0.000574,'AC',0.000225,'T',0.000179,'ATT',0.000143,'ATS',0.000106,'AA',0.000104,'A',0.000080,'G',0.000071
273,TAGCTAGCTACGATCGATCGATCGTAGCTAGCTAGCTAGCTACGATCGAT,'CG',0.541680,0.884,1,'CG',0.541680,'C',0.410457,'G',0.027586,'CC',0.003406,'GC',0.003376,'CT',0.001948,'\n',0.001797,'GL',0.000839,'CCC',0.000495,'IC',0.000492
274,GCTAGCTACGATCGATCGATCGTAGCTAGCTAGCTAGCTACGATCGATCG,'AT',0.996706,0.005,1,'AT',0.996706,'AG',0.000665,'GT',0.000501,'T',0.000255,'AC',0.000253,'ATT',0.000160,'AA',0.000123,'ATS',0.000122,'A',0.000116,'G',0.000077
275,TAGCTACGATCGATCGATCGTAGCTAGCTAGCTAGCTACGATCGATCGAT,'C',0.978161,0.032,1,'C',0.978161,'G',0.008110,'CG',0.007935,'CC',0.000976,'\n',0.000894,'CT',0.000522,' C',0.000494,'GC',0.000173,'GL',0.000130,'IC',0.000119
276,AGCTACGATCGATCGATCGTAGCTAGCTAGCTAGCTACGATCGATCGATC,'GT',0.992099,0.011,1,'GT',0.992099,'G',0.001397,'AT',0.000707,' GT',0.000463,'\n',0.000456,'GG',0.000380,'GC',0.000355,'TG',0.000332,'gt',0.000254,'GS',0.000225
277,CTACGATCGATCGATCGTAGCTAGCTAGCTAGCTACGATCGATCGATCGT,'AG',0.992003,0.012,1,'AG',0.992003,'G',0.002211,'AA',0.001406,'GA',0.000399,'A',0.000395,'AT',0.000379,'AC',0.000325,'ACT',0.000212,'\n',0.000151,'GG',0.000150
278,ACGATCGATCGATCGTAGCTAGCTAGCTAGCTACGATCGATCGATCGTAG,'CT',0.991536,0.012,1,'CT',0.991536,'C',0.004217,'CC',0.001036,'T',0.000645,'TC',0.000476,'TT',0.000338,'ACT',0.000191,'CL',0.000097,'TA',0.000080,'CS',0.000074
279,GATCGATCGATCGTAGCTAGCTAGCTAGCTACGATCGATCGATCGTAGCT,'AG',0.987282,0.018,1,'AG',0.987282,'G',0.004283,'AA',0.001374,'AC',0.001321,'A',0.000922,'AT',0.000638,'\n',0.000414,'ACT',0.000374,'AM',0.000256,'GA',0.000248
280,TCGATCGATCGTAGCTAGCTAGCTAGCTACGATCGATCGATCGTAGCTAG,'CT',0.995761,0.006,1,'CT',0.995761,'C',0.002259,'CC',0.000593,'TC',0.000298,'T',0.000254,'TT',0.000114,'ACT',0.000066,'CS',0.000044,'CL',0.000028,'\n',0.000027
281,GATCGATCGTAGCTAGCTAGCTAGCTACGATCGATCGATCGTAGCTAGCT,'AG',0.975136,0.036,1,'AG',0.975136,'AC',0.008468,'G',0.004186,'AA',0.002480,'A',0.001806,'AT',0.001369,'ACT',0.000826,'\n',0.000721,'AM',0.000390,'AF',0.000326
282,TCGATCGTAGCTAGCTAGCTAGCTACGATCGATCGATCGTAGCTAGCTAG,'CT',0.994450,0.008,1,'CT',0.994450,'C',0.003275,'CC',0.000714,'TC',0.000364,'T',0.000272,'TT',0.000111,'ACT',0.000068,'CS',0.000051,'AT',0.000036,'\n',0.000035
283,GATCGTAGCTAGCTAGCTAGCTACGATCGATCGATCGTAGCTAGCTAGCT,'AG',0.845458,0.242,1,'AG',0.845458,'AC',0.121240,'A',0.005102,'G',0.005072,'AA',0.005021,'AT',0.003787,'ACT',0.002288,'\n',0.001586,'AF',0.000707,'AM',0.000673
284,TCGTAGCTAGCTAGCTAGCTACGATCGATCGATCGTAGCTAGCTAGCTAG,'CT',0.990578,0.014,1,'CT',0.990578,'C',0.006073,'CC',0.001039,'TC',0.000519,'T',0.000391,'TT',0.000139,'ACT',0.000094,'AC',0.000078,'CS',0.000074,'AT',0.000068
285,GTAGCTAGCTAGCTAGCTACGATCGATCGATCGTAGCTAGCTAGCTAGCT,'AC',0.487781,1.036,1,'AC',0.487781,'AG',0.469209,'A',0.008078,'AT',0.005176,'AA',0.005161,'G',0.005139,'ACT',0.002776,'\n',0.002249,'ACC',0.000978,'GC',0.000909
286,AGCTAGCTAGCTAGCTACGATCGATCGATCGTAGCTAGCTAGCTAGCTAC,'G',0.998599,0.002,1,'G',0.998599,'\n',0.000174,' G',0.000154,'GT',0.000131,'C',0.000100,'F',0.000063,'GL',0.000063,'R',0.000049,'M',0.000047,'H',0.000046
287,GCTAGCTAGCTAGCTACGATCGATCGATCGTAGCTAGCTAGCTAGCTACG,'AT',0.995087,0.007,1,'AT',0.995087,'AG',0.000964,'ATT',0.000577,'GT',0.000508,'AC',0.000441,'CT',0.000320,'ATA',0.000155,'ATS',0.000139,'T',0.000133,'AA',0.000125
288,TAGCTAGCTAGCTACGATCGATCGATCGTAGCTAGCTAGCTAGCTACGAT,'CG',0.977748,0.032,1,'CG',0.977748,'C',0.010069,'G',0.006744,'GC',0.002972,'CC',0.000317,'CT',0.000224,'GL',0.000218,'GG',0.000166,' CG',0.000164,'GA',0.000113
289,GCTAGCTAGCTACGATCGATCGATCGTAGCTAGCTAGCTAGCTACGATCG,'AT',0.996834,0.005,1,'AT',0.996834,'AG',0.000802,'GT',0.000608,'AC',0.000229,'T',0.000179,'ATT',0.000144,'AA',0.000104,'ATS',0.000102,'A',0.000079,'G',0.000079
290,TAGCTAGCTACGATCGATCGATCGTAGCTAGCTAGCTAGCTACGATCGAT,'CG',0.542764,0.882,1,'CG',0.542764,'C',0.411554,'G',0.026857,'GC',0.003357,'CC',0.003329,'CT',0.001866,'\n',0.001429,'GL',0.000757,'IC',0.000471,'CCC',0.000451
291,GCTAGCTACGATCGATCGATCGTAGCTAGCTAGCTAGCTACGATCGATCG,'AT',0.996579,0.005,1,'AT',0.996579,'AG',0.000728,'GT',0.000554,'T',0.000259,'AC',0.000255,'ATT',0.000163,'AA',0.000124,'ATS',0.000117,'A',0.000114,'G',0.000086
292,TAGCTACGATCGATCGATCGTAGCTAGCTAGCTAGCTACGATCGATCGAT,'C',0.976192,0.035,1,'C',0.976192,'CG',0.009102,'G',0.008704,'CC',0.001063,'\n',0.000879,'CT',0.000550,' C',0.000488,'GC',0.000192,'GL',0.000132,'IC',0.000130
293,AGCTACGATCGATCGATCGTAGCTAGCTAGCTAGCTACGATCGATCGATC,'GT',0.992306,0.011,1,'GT',0.992306,'G',0.001442,'AT',0.000691,' GT',0.000428,'\n',0.000390,'GG',0.000384,'GC',0.000358,'TG',0.000334,'gt',0.000233,'GS',0.000225
294,CTACGATCGATCGATCGTAGCTAGCTAGCTAGCTACGATCGATCGATCGT,'AG',0.991993,0.012,1,'AG',0.991993,'G',0.002287,'AA',0.001355,'GA',0.000422,'A',0.000387,'AT',0.000374,'AC',0.000326,'ACT',0.000209,'IG',0.000153,'GG',0.000152
295,ACGATCGATCGATCGTAGCTAGCTAGCTAGCTACGATCGATCGATCGTAG,'CT',0.991337,0.013,1,'CT',0.991337,'C',0.004413,'CC',0.001063,'T',0.000639,'TC',0.000471,'TT',0.000338,'ACT',0.000194,'CL',0.000094,'TA',0.000077,'CS',0.000076
296,GATCGATCGATCGTAGCTAGCTAGCTAGCTACGATCGATCGATCGTAGCT,'AG',0.987496,0.018,1,'AG',0.987496,'G',0.004419,'AA',0.001295,'AC',0.001262,'A',0.000904,'AT',0.000605,'\n',0.000372,'ACT',0.000348,'GA',0.000254,'AM',0.000247
297,TCGATCGATCGTAGCTAGCTAGCTAGCTACGATCGATCGATCGTAGCTAG,'CT',0.995635,0.006,1,'CT',0.995635,'C',0.002379,'CC',0.000597,'TC',0.000296,'T',0.000260,'TT',0.000113,'ACT',0.000066,'CS',0.000046,'CL',0.000028,'\n',0.000027
298,GATCGATCGTAGCTAGCTAGCTAGCTACGATCGATCGATCGTAGCTAGCT,'AG',0.976382,0.034,1,'AG',0.976382,'AC',0.007747,'G',0.004350,'AA',0.002312,'A',0.001737,'AT',0.001260,'ACT',0.000760,'\n',0.000626,'AM',0.000379,'GA',0.000310
299,TCGATCGTAGCTAGCTAGCTAGCTACGATCGATCGATCGTAGCTAGCTAG,'CT',0.994461,0.008,1,'CT',0.994461,'C',0.003318,'CC',0.000704,'TC',0.000351,'T',0.000269,'TT',0.000107,'ACT',0.000067,'CS',0.000052,'AT',0.000035,'\n',0.000032
300,GATCGTAGCTAGCTAGCTAGCTACGATCGATCGATCGTAGCTAGCTAGCT,'AG',0.863027,0.213,1,'AG',0.863027,'AC',0.105745,'G',0.004993,'A',0.004776,'AA',0.004683,'AT',0.003499,'ACT',0.002115,'\n',0.001374,'AF',0.000667,'AM',0.000642
301,TCGTAGCTAGCTAGCTAGCTACGATCGATCGATCGTAGCTAGCTAGCTAG,'CT',0.990783,0.013,1,'CT',0.990783,'C',0.005987,'CC',0.001012,'TC',0.000498,'T',0.000381,'TT',0.000134,'ACT',0.000092,'AC',0.000074,'CS',0.000073,'AT',0.000064
302,GTAGCTAGCTAGCTAGCTACGATCGATCGATCGTAGCTAGCTAGCTAGCT,'AC',0.468150,1.095,2,'AG',0.490146,'AC',0.468150,'A',0.007736,'AA',0.005076,'G',0.005071,'AT',0.005011,'ACT',0.002730,'\n',0.002065,'ACC',0.000947,'GC',0.000868
303,AGCTAGCTAGCTAGCTACGATCGATCGATCGTAGCTAGCTAGCTAGCTAC,'G',0.998604,0.002,1,'G',0.998604,'\n',0.000173,' G',0.000152,'GT',0.000125,'C',0.000101,'F',0.000065,'GL',0.000063,'R',0.000049,'M',0.000047,'H',0.000047
304,GCTAGCTAGCTAGCTACGATCGATCGATCGTAGCTAGCTAGCTAGCTACG,'AT',0.995121,0.007,1,'AT',0.995121,'AG',0.000960,'ATT',0.000563,'GT',0.000503,'AC',0.000451,'CT',0.000315,'ATA',0.000152,'ATS',0.000134,'T',0.000133,'AA',0.000128
305,TAGCTAGCTAGCTACGATCGATCGATCGTAGCTAGCTAGCTAGCTACGAT,'CG',0.977670,0.033,1,'CG',0.977670,'C',0.010024,'G',0.006914,'GC',0.002984,'CC',0.000322,'GL',0.000217,'CT',0.000211,'GG',0.000164,' CG',0.000152,'GA',0.000113
306,GCTAGCTAGCTACGATCGATCGATCGTAGCTAGCTAGCTAGCTACGATCG,'AT',0.996732,0.005,1,'AT',0.996732,'AG',0.000839,'GT',0.000642,'AC',0.000240,'T',0.000178,'ATT',0.000149,'AA',0.000106,'ATS',0.000103,'G',0.000090,'A',0.000078
307,TAGCTAGCTACGATCGATCGATCGTAGCTAGCTAGCTAGCTACGATCGAT,'CG',0.637943,0.649,1,'CG',0.637943,'C',0.319449,'G',0.025553,'GC',0.003541,'CC',0.002977,'CT',0.001573,'\n',0.001084,'GL',0.000735,'IC',0.000426,'CCC',0.000422
308,GCTAGCTACGATCGATCGATCGTAGCTAGCTAGCTAGCTACGATCGATCG,'AT',0.996656,0.005,1,'AT',0.996656,'AG',0.000723,'GT',0.000556,'AC',0.000255,'T',0.000242,'ATT',0.000166,'AA',0.000120,'ATS',0.000118,'A',0.000104,'G',0.000090
309,TAGCTACGATCGATCGATCGTAGCTAGCTAGCTAGCTACGATCGATCGAT,'C',0.971862,0.041,1,'C',0.971862,'CG',0.011656,'G',0.010078,'CC',0.001173,'\n',0.000914,'CT',0.000574,' C',0.000472,'GC',0.000230,'GL',0.000154,'IC',0.000145
310,AGCTACGATCGATCGATCGTAGCTAGCTAGCTAGCTACGATCGATCGATC,'GT',0.991928,0.012,1,'GT',0.991928,'G',0.001557,'AT',0.000704,' GT',0.000438,'GG',0.000414,'\n',0.000401,'GC',0.000369,'TG',0.000353,'GS',0.000247,'gt',0.000235
311,CTACGATCGATCGATCGTAGCTAGCTAGCTAGCTACGATCGATCGATCGT,'AG',0.992065,0.011,1,'AG',0.992065,'G',0.002307,'AA',0.001335,'GA',0.000429,'A',0.000379,'AT',0.000355,'AC',0.000317,'ACT',0.000194,'IG',0.000162,'GG',0.000153
312,ACGATCGATCGATCGTAGCTAGCTAGCTAGCTACGATCGATCGATCGTAG,'CT',0.991545,0.012,1,'CT',0.991545,'C',0.004302,'CC',0.001085,'T',0.000606,'TC',0.000469,'TT',0.000328,'ACT',0.000186,'CL',0.000092,'CS',0.000075,'TA',0.000073
313,GATCGATCGATCGTAGCTAGCTAGCTAGCTACGATCGATCGATCGTAGCT,'AG',0.988010,0.017,1,'AG',0.988010,'G',0.004297,'AA',0.001230,'AC',0.001200,'A',0.000854,'AT',0.000561,'\n',0.000349,'ACT',0.000327,'GA',0.000248,'AM',0.000233
314,TCGATCGATCGTAGCTAGCTAGCTAGCTACGATCGATCGATCGTAGCTAG,'CT',0.995808,0.006,1,'CT',0.995808,'C',0.002249,'CC',0.000594,'TC',0.000297,'T',0.000252,'TT',0.000111,'ACT',0.000064,'CS',0.000044,'CL',0.000027,'\n',0.000025
315,GATCGATCGTAGCTAGCTAGCTAGCTACGATCGATCGATCGTAGCTAGCT,'AG',0.978426,0.031,1,'AG',0.978426,'AC',0.006744,'G',0.004143,'AA',0.002175,'A',0.001578,'AT',0.001143,'ACT',0.000703,'\n',0.000580,'AM',0.000350,'GA',0.000290
316,TCGATCGTAGCTAGCTAGCTAGCTACGATCGATCGATCGTAGCTAGCTAG,'CT',0.994817,0.007,1,'CT',0.994817,'C',0.003047,'CC',0.000678,'TC',0.000349,'T',0.000259,'TT',0.000106,'ACT',0.000064,'CS',0.000049,'AT',0.000032,'\n',0.000030
317,GATCGTAGCTAGCTAGCTAGCTACGATCGATCGATCGTAGCTAGCTAGCT,'AG',0.879595,0.185,1,'AG',0.879595,'AC',0.091609,'G',0.004714,'AA',0.004393,'A',0.004257,'AT',0.003171,'ACT',0.002004,'\n',0.001265,'AF',0.000629,'AM',0.000592
318,TCGTAGCTAGCTAGCTAGCTACGATCGATCGATCGTAGCTAGCTAGCTAG,'CT',0.991531,0.012,1,'CT',0.991531,'C',0.005414,'CC',0.000964,'TC',0.000490,'T',0.000360,'TT',0.000130,'ACT',0.000085,'CS',0.000069,'AC',0.000065,'AT',0.000057
319,GTAGCTAGCTAGCTAGCTACGATCGATCGATCGTAGCTAGCTAGCTAGCT,'AC',0.455743,1.134,2,'AG',0.504015,'AC',0.455743,'A',0.007362,'AA',0.004981,'G',0.004914,'AT',0.004769,'ACT',0.002742,'\n',0.002014,'ACC',0.000912,'AF',0.000825
320,AGCTAGCTAGCTAGCTACGATCGATCGATCGTAGCTAGCTAGCTAGCTAC,'G',0.998629,0.002,1,'G',0.998629,'\n',0.000175,' G',0.000150,'GT',0.000110,'C',0.000096,'F',0.000067,'GL',0.000063,'R',0.000050,'H',0.000048,'M',0.000046
321,GCTAGCTAGCTAGCTACGATCGATCGATCGTAGCTAGCTAGCTAGCTACG,'AT',0.995283,0.007,1,'AT',0.995283,'AG',0.000903,'ATT',0.000537,'GT',0.000488,'AC',0.000446,'CT',0.000305,'ATA',0.000144,'ATS',0.000134,'T',0.000132,'AA',0.000126
322,TAGCTAGCTAGCTACGATCGATCGATCGTAGCTAGCTAGCTAGCTACGAT,'CG',0.978350,0.032,1,'CG',0.978350,'C',0.009576,'G',0.006864,'GC',0.002911,'CC',0.000309,'GL',0.000212,'CT',0.000193,'GG',0.000161,' CG',0.000140,'GA',0.000113
323,GCTAGCTAGCTACGATCGATCGATCGTAGCTAGCTAGCTAGCTACGATCG,'AT',0.996642,0.005,1,'AT',0.996642,'AG',0.000874,'GT',0.000682,'AC',0.000252,'T',0.000175,'ATT',0.000151,'AA',0.000108,'ATS',0.000107,'G',0.000100,'CT',0.000079
324,TAGCTAGCTACGATCGATCGATCGTAGCTAGCTAGCTAGCTACGATCGAT,'CG',0.691999,0.531,1,'CG',0.691999,'C',0.267401,'G',0.024803,'GC',0.003571,'CC',0.002660,'CT',0.001363,'\n',0.000931,'GL',0.000715,'CCC',0.000402,'IC',0.000400
325,GCTAGCTACGATCGATCGATCGTAGCTAGCTAGCTAGCTACGATCGATCG,'AT',0.996795,0.005,1,'AT',0.996795,'AG',0.000683,'GT',0.000536,'AC',0.000250,'T',0.000233,'ATT',0.000161,'ATS',0.000120,'AA',0.000116,'A',0.000100,'G',0.000088
326,TAGCTACGATCGATCGATCGTAGCTAGCTAGCTAGCTACGATCGATCGAT,'C',0.970730,0.043,1,'C',0.970730,'CG',0.012300,'G',0.010551,'CC',0.001164,'\n',0.000927,'CT',0.000553,' C',0.000436,'GC',0.000236,'GL',0.000162,'IC',0.000151
327,AGCTACGATCGATCGATCGTAGCTAGCTAGCTAGCTACGATCGATCGATC,'GT',0.991917,0.012,1,'GT',0.991917,'G',0.001581,'AT',0.000671,' GT',0.000430,'GG',0.000430,'\n',0.000404,'GC',0.000358,'TG',0.000354,'GS',0.000264,'GP',0.000239
328,CTACGATCGATCGATCGTAGCTAGCTAGCTAGCTACGATCGATCGATCGT,'AG',0.992301,0.011,1,'AG',0.992301,'G',0.002327,'AA',0.001284,'GA',0.000421,'A',0.000363,'AT',0.000320,'AC',0.000293,'ACT',0.000172,'IG',0.000162,'GG',0.000155
329,ACGATCGATCGATCGTAGCTAGCTAGCTAGCTACGATCGATCGATCGTAG,'CT',0.991801,0.012,1,'CT',0.991801,'C',0.004142,'CC',0.001094,'T',0.000577,'TC',0.000474,'TT',0.000326,'ACT',0.000177,'CL',0.000089,'TA',0.000071,'CS',0.000071
330,GATCGATCGATCGTAGCTAGCTAGCTAGCTACGATCGATCGATCGTAGCT,'AG',0.988645,0.016,1,'AG',0.988645,'G',0.004160,'AA',0.001184,'AC',0.001095,'A',0.000799,'AT',0.000511,'\n',0.000334,'ACT',0.000301,'GA',0.000239,'AM',0.000213
331,TCGATCGATCGTAGCTAGCTAGCTAGCTACGATCGATCGATCGTAGCTAG,'CT',0.996015,0.006,1,'CT',0.996015,'C',0.002111,'CC',0.000583,'TC',0.000297,'T',0.000237,'TT',0.000110,'ACT',0.000060,'CS',0.000041,'CL',0.000026,'\n',0.000023
332,GATCGATCGTAGCTAGCTAGCTAGCTACGATCGATCGATCGTAGCTAGCT,'AG',0.979917,0.029,1,'AG',0.979917,'AC',0.006107,'G',0.004001,'AA',0.002084,'A',0.001471,'AT',0.001025,'ACT',0.000649,'\n',0.000548,'AM',0.000319,'AF',0.000281
333,TCGATCGTAGCTAGCTAGCTAGCTACGATCGATCGATCGTAGCTAGCTAG,'CT',0.995109,0.007,1,'CT',0.995109,'C',0.002842,'CC',0.000654,'TC',0.000348,'T',0.000245,'TT',0.000105,'ACT',0.000059,'CS',0.000046,'AT',0.000029,'\n',0.000028
334,GATCGTAGCTAGCTAGCTAGCTACGATCGATCGATCGTAGCTAGCTAGCT,'AG',0.879068,0.186,1,'AG',0.879068,'AC',0.092882,'G',0.004545,'AA',0.004411,'A',0.004139,'AT',0.003018,'ACT',0.001981,'\n',0.001284,'AF',0.000640,'AM',0.000565
335,TCGTAGCTAGCTAGCTAGCTACGATCGATCGATCGTAGCTAGCTAGCTAG,'CT',0.992052,0.012,1,'CT',0.992052,'C',0.005032,'CC',0.000920,'TC',0.000489,'T',0.000341,'TT',0.000129,'ACT',0.000078,'CS',0.000064,'AC',0.000060,'AT',0.000053
336,GTAGCTAGCTAGCTAGCTACGATCGATCGATCGTAGCTAGCTAGCTAGCT,'AC',0.483424,1.049,1,'AC',0.483424,'AG',0.477383,'A',0.007193,'AA',0.004952,'G',0.004702,'AT',0.004533,'ACT',0.002711,'\n',0.002049,'ACC',0.000919,'AF',0.000830
337,AGCTAGCTAGCTAGCTACGATCGATCGATCGTAGCTAGCTAGCTAGCTAC,'G',0.998687,0.002,1,'G',0.998687,'\n',0.000165,' G',0.000143,'GT',0.000097,'C',0.000088,'F',0.000067,'GL',0.000060,'R',0.000051,'H',0.000048,'M',0.000045
338,GCTAGCTAGCTAGCTACGATCGATCGATCGTAGCTAGCTAGCTAGCTACG,'AT',0.995449,0.007,1,'AT',0.995449,'AG',0.000862,'GT',0.000493,'ATT',0.000488,'AC',0.000434,'CT',0.000296,'ATA',0.000137,'ATS',0.000135,'T',0.000132,'AA',0.000125
339,TAGCTAGCTAGCTACGATCGATCGATCGTAGCTAGCTAGCTAGCTACGAT,'CG',0.978566,0.031,1,'CG',0.978566,'C',0.009394,'G',0.006959,'GC',0.002852,'CC',0.000297,'GL',0.000204,'CT',0.000183,'GG',0.000158,' CG',0.000137,'GA',0.000114
340,GCTAGCTAGCTACGATCGATCGATCGTAGCTAGCTAGCTAGCTACGATCG,'AT',0.996702,0.005,1,'AT',0.996702,'AG',0.000842,'GT',0.000693,'AC',0.000248,'T',0.000175,'ATT',0.000141,'AA',0.000106,'ATS',0.000106,'G',0.000103,'A',0.000077
341,TAGCTAGCTACGATCGATCGATCGTAGCTAGCTAGCTAGCTACGATCGAT,'CG',0.673425,0.570,1,'CG',0.673425,'C',0.284182,'G',0.026297,'GC',0.003606,'CC',0.002716,'CT',0.001370,'\n',0.000978,'GL',0.000709,'CCC',0.000410,'IC',0.000409
342,GCTAGCTACGATCGATCGATCGTAGCTAGCTAGCTAGCTACGATCGATCG,'AT',0.996852,0.005,1,'AT',0.996852,'AG',0.000645,'GT',0.000550,'AC',0.000248,'T',0.000238,'ATT',0.000151,'ATS',0.000118,'AA',0.000112,'A',0.000099,'G',0.000089
343,TAGCTACGATCGATCGATCGTAGCTAGCTAGCTAGCTACGATCGATCGAT,'C',0.974426,0.037,1,'C',0.974426,'G',0.009969,'CG',0.009669,'CC',0.001042,'\n',0.000898,'CT',0.000488,' C',0.000425,'GC',0.000201,'GL',0.000146,'IC',0.000136
344,AGCTACGATCGATCGATCGTAGCTAGCTAGCTAGCTACGATCGATCGATC,'GT',0.992220,0.011,1,'GT',0.992220,'G',0.001518,'AT',0.000623,'GG',0.000418,' GT',0.000413,'\n',0.000394,'TG',0.000339,'GC',0.000336,'GS',0.000270,'GP',0.000245
345,CTACGATCGATCGATCGTAGCTAGCTAGCTAGCTACGATCGATCGATCGT,'AG',0.992269,0.011,1,'AG',0.992269,'G',0.002432,'AA',0.001260,'GA',0.000430,'A',0.000354,'AT',0.000317,'AC',0.000292,'ACT',0.000166,'IG',0.000161,'GG',0.000161
346,ACGATCGATCGATCGTAGCTAGCTAGCTAGCTACGATCGATCGATCGTAG,'CT',0.992013,0.012,1,'CT',0.992013,'C',0.004046,'CC',0.001091,'T',0.000555,'TC',0.000474,'TT',0.000322,'ACT',0.000168,'CL',0.000084,'TA',0.000067,'CS',0.000067
347,GATCGATCGATCGTAGCTAGCTAGCTAGCTACGATCGATCGATCGTAGCT,'AG',0.988798,0.016,1,'AG',0.988798,'G',0.004235,'AA',0.001147,'AC',0.001084,'A',0.000768,'AT',0.000491,'\n',0.000325,'ACT',0.000294,'GA',0.000239,'AM',0.000201
348,TCGATCGATCGTAGCTAGCTAGCTAGCTACGATCGATCGATCGTAGCTAG,'CT',0.996053,0.006,1,'CT',0.996053,'C',0.002096,'CC',0.000586,'TC',0.000301,'T',0.000230,'TT',0.000110,'ACT',0.000059,'CS',0.000039,'CL',0.000024,'ct',0.000023
349,GATCGATCGTAGCTAGCTAGCTAGCTACGATCGATCGATCGTAGCTAGCT,'AG',0.979606,0.030,1,'AG',0.979606,'AC',0.006552,'G',0.004024,'AA',0.002045,'A',0.001472,'AT',0.001025,'ACT',0.000660,'\n',0.000542,'AM',0.000307,'AF',0.000282
350,TCGATCGTAGCTAGCTAGCTAGCTACGATCGATCGATCGTAGCTAGCTAG,'CT',0.995118,0.007,1,'CT',0.995118,'C',0.002843,'CC',0.000656,'TC',0.000356,'T',0.000242,'TT',0.000105,'ACT',0.000058,'CS',0.000044,'AT',0.000029,'\n',0.000027
351,GATCGTAGCTAGCTAGCTAGCTACGATCGATCGATCGTAGCTAGCTAGCT,'AG',0.861861,0.214,1,'AG',0.861861,'AC',0.109041,'G',0.004809,'AA',0.004472,'A',0.004395,'AT',0.003139,'ACT',0.002066,'\n',0.001316,'AF',0.000673,'AM',0.000574
352,TCGTAGCTAGCTAGCTAGCTACGATCGATCGATCGTAGCTAGCTAGCTAG,'CT',0.992013,0.012,1,'CT',0.992013,'C',0.005075,'CC',0.000919,'TC',0.000501,'T',0.000339,'TT',0.000128,'ACT',0.000078,'AC',0.000062,'CS',0.000061,'AT',0.000054
353,GTAGCTAGCTAGCTAGCTACGATCGATCGATCGTAGCTAGCTAGCTAGCT,'AC',0.536131,0.899,1,'AC',0.536131,'AG',0.425041,'A',0.007334,'AA',0.004714,'G',0.004679,'AT',0.004444,'ACT',0.002627,'\n',0.002056,'ACC',0.000963,'GC',0.000837
354,AGCTAGCTAGCTAGCTACGATCGATCGATCGTAGCTAGCTAGCTAGCTAC,'G',0.998735,0.002,1,'G',0.998735,'\n',0.000156,' G',0.000138,'GT',0.000093,'C',0.000085,'F',0.000065,'GL',0.000057,'R',0.000050,'H',0.000046,'M',0.000044
355,GCTAGCTAGCTAGCTACGATCGATCGATCGTAGCTAGCTAGCTAGCTACG,'AT',0.995482,0.007,1,'AT',0.995482,'AG',0.000873,'GT',0.000516,'ATT',0.000462,'AC',0.000423,'CT',0.000297,'ATA',0.000135,'T',0.000134,'ATS',0.000134,'AA',0.000119
356,TAGCTAGCTAGCTACGATCGATCGATCGTAGCTAGCTAGCTAGCTACGAT,'CG',0.978507,0.031,1,'CG',0.978507,'C',0.009412,'G',0.007041,'GC',0.002868,'CC',0.000292,'GL',0.000190,'CT',0.000184,'GG',0.000156,' CG',0.000135,'GA',0.000114
357,GCTAGCTAGCTACGATCGATCGATCGTAGCTAGCTAGCTAGCTACGATCG,'AT',0.996718,0.005,1,'AT',0.996718,'AG',0.000837,'GT',0.000709,'AC',0.000241,'T',0.000183,'ATT',0.000133,'G',0.000103,'ATS',0.000100,'AA',0.000100,'A',0.000079
358,TAGCTAGCTACGATCGATCGATCGTAGCTAGCTAGCTAGCTACGATCGAT,'CG',0.643776,0.635,1,'CG',0.643776,'C',0.312743,'G',0.027330,'GC',0.003637,'CC',0.002812,'CT',0.001420,'\n',0.000931,'GL',0.000656,'IC',0.000407,'CCC',0.000405
359,GCTAGCTACGATCGATCGATCGTAGCTAGCTAGCTAGCTACGATCGATCG,'AT',0.996737,0.005,1,'AT',0.996737,'AG',0.000666,'GT',0.000597,'AC',0.000256,'T',0.000254,'ATT',0.000149,'ATS',0.000113,'AA',0.000110,'A',0.000103,'G',0.000096
360,TAGCTACGATCGATCGATCGTAGCTAGCTAGCTAGCTACGATCGATCGAT,'C',0.975893,0.035,1,'C',0.975893,'G',0.009785,'CG',0.008538,'CC',0.001012,'\n',0.000856,'CT',0.000472,' C',0.000413,'GC',0.000193,'GL',0.000132,'IC',0.000129
361,AGCTACGATCGATCGATCGTAGCTAGCTAGCTAGCTACGATCGATCGATC,'GT',0.992977,0.010,1,'GT',0.992977,'G',0.001447,'AT',0.000562,'GG',0.000391,' GT',0.000350,'TG',0.000331,'GC',0.000308,'\n',0.000297,'GS',0.000251,'GP',0.000227
362,CTACGATCGATCGATCGTAGCTAGCTAGCTAGCTACGATCGATCGATCGT,'AG',0.992614,0.011,1,'AG',0.992614,'G',0.002362,'AA',0.001141,'GA',0.000437,'A',0.000336,'AT',0.000313,'AC',0.000289,'ACT',0.000169,'GG',0.000155,'IG',0.000152
363,ACGATCGATCGATCGTAGCTAGCTAGCTAGCTACGATCGATCGATCGTAG,'CT',0.992102,0.011,1,'CT',0.992102,'C',0.004050,'CC',0.001095,'T',0.000529,'TC',0.000465,'TT',0.000304,'ACT',0.000172,'CL',0.000079,'CS',0.000067,'TA',0.000062
364,GATCGATCGATCGTAGCTAGCTAGCTAGCTACGATCGATCGATCGTAGCT,'AG',0.989324,0.015,1,'AG',0.989324,'G',0.004070,'AA',0.001045,'AC',0.001032,'A',0.000738,'AT',0.000488,'ACT',0.000298,'\n',0.000288,'GA',0.000236,'AM',0.000192
365,TCGATCGATCGTAGCTAGCTAGCTAGCTACGATCGATCGATCGTAGCTAG,'CT',0.996099,0.006,1,'CT',0.996099,'C',0.002071,'CC',0.000596,'TC',0.000296,'T',0.000220,'TT',0.000106,'ACT',0.000062,'CS',0.000038,'ct',0.000025,'CL',0.000022
366,GATCGATCGTAGCTAGCTAGCTAGCTACGATCGATCGATCGTAGCTAGCT,'AG',0.981020,0.028,1,'AG',0.981020,'AC',0.006031,'G',0.003902,'AA',0.001804,'A',0.001370,'AT',0.000973,'ACT',0.000646,'\n',0.000451,'AM',0.000290,'GA',0.000273
367,TCGATCGTAGCTAGCTAGCTAGCTACGATCGATCGATCGTAGCTAGCTAG,'CT',0.995222,0.007,1,'CT',0.995222,'C',0.002792,'CC',0.000655,'TC',0.000341,'T',0.000231,'TT',0.000100,'ACT',0.000062,'CS',0.000042,'AT',0.000030,'\n',0.000025
368,GATCGTAGCTAGCTAGCTAGCTACGATCGATCGATCGTAGCTAGCTAGCT,'AG',0.882654,0.180,1,'AG',0.882654,'AC',0.091104,'G',0.004655,'A',0.003907,'AA',0.003841,'AT',0.002833,'ACT',0.001941,'\n',0.001043,'AF',0.000620,'AM',0.000536
369,TCGTAGCTAGCTAGCTAGCTACGATCGATCGATCGTAGCTAGCTAGCTAG,'CT',0.992235,0.011,1,'CT',0.992235,'C',0.004950,'CC',0.000916,'TC',0.000477,'T',0.000321,'TT',0.000122,'ACT',0.000082,'AC',0.000063,'CS',0.000059,'AT',0.000053
370,GTAGCTAGCTAGCTAGCTACGATCGATCGATCGTAGCTAGCTAGCTAGCT,'AC',0.499088,1.003,1,'AC',0.499088,'AG',0.463713,'A',0.006976,'G',0.004706,'AA',0.004415,'AT',0.004314,'ACT',0.002655,'\n',0.001785,'ACC',0.000892,'AF',0.000835
371,AGCTAGCTAGCTAGCTACGATCGATCGATCGTAGCTAGCTAGCTAGCTAC,'G',0.998754,0.002,1,'G',0.998754,'\n',0.000148,' G',0.000131,'GT',0.000094,'C',0.000089,'F',0.000065,'GL',0.000057,'R',0.000048,'H',0.000046,'M',0.000043
372,GCTAGCTAGCTAGCTACGATCGATCGATCGTAGCTAGCTAGCTAGCTACG,'AT',0.995580,0.006,1,'AT',0.995580,'AG',0.000873,'GT',0.000511,'ATT',0.000454,'AC',0.000422,'CT',0.000287,'T',0.000132,'ATA',0.000129,'ATS',0.000128,'G',0.000118
373,TAGCTAGCTAGCTACGATCGATCGATCGTAGCTAGCTAGCTAGCTACGAT,'CG',0.977955,0.032,1,'CG',0.977955,'C',0.009862,'G',0.007151,'GC',0.002894,'CC',0.000300,'CT',0.000186,'GL',0.000175,'GG',0.000153,' CG',0.000124,'GA',0.000113
374,GCTAGCTAGCTACGATCGATCGATCGTAGCTAGCTAGCTAGCTACGATCG,'AT',0.996661,0.005,1,'AT',0.996661,'AG',0.000857,'GT',0.000724,'AC',0.000248,'T',0.000188,'ATT',0.000136,'G',0.000111,'ATS',0.000099,'AA',0.000096,'A',0.000079
375,TAGCTAGCTACGATCGATCGATCGTAGCTAGCTAGCTAGCTACGATCGAT,'CG',0.687797,0.540,1,'CG',0.687797,'C',0.272346,'G',0.025334,'GC',0.003664,'CC',0.002556,'CT',0.001281,'\n',0.000639,'GL',0.000552,'CCC',0.000372,'CB',0.000356
376,GCTAGCTACGATCGATCGATCGTAGCTAGCTAGCTAGCTACGATCGATCG,'AT',0.996780,0.005,1,'AT',0.996780,'AG',0.000671,'GT',0.000600,'AC',0.000257,'T',0.000254,'ATT',0.000149,'ATS',0.000108,'A',0.000101,'G',0.000100,'AA',0.000099
377,TAGCTACGATCGATCGATCGTAGCTAGCTAGCTAGCTACGATCGATCGAT,'C',0.970542,0.043,1,'C',0.970542,'CG',0.011547,'G',0.011517,'CC',0.001152,'\n',0.000848,'CT',0.000537,' C',0.000382,'GC',0.000250,'IC',0.000151,'GL',0.000143
378,AGCTACGATCGATCGATCGTAGCTAGCTAGCTAGCTACGATCGATCGATC,'GT',0.993355,0.010,1,'GT',0.993355,'G',0.001462,'AT',0.000529,'GG',0.000387,'TG',0.000348,' GT',0.000292,'GC',0.000285,'GS',0.000244,'\n',0.000230,'GP',0.000213
379,CTACGATCGATCGATCGTAGCTAGCTAGCTAGCTACGATCGATCGATCGT,'AG',0.992963,0.010,1,'AG',0.992963,'G',0.002248,'AA',0.001033,'GA',0.000430,'A',0.000330,'AT',0.000308,'AC',0.000283,'ACT',0.000168,'IG',0.000148,'GG',0.000144
380,ACGATCGATCGATCGTAGCTAGCTAGCTAGCTACGATCGATCGATCGTAG,'CT',0.992434,0.011,1,'CT',0.992434,'C',0.003863,'CC',0.001080,'T',0.000496,'TC',0.000459,'TT',0.000283,'ACT',0.000176,'CL',0.000073,'CS',0.000065,'TA',0.000055
381,GATCGATCGATCGTAGCTAGCTAGCTAGCTACGATCGATCGATCGTAGCT,'AG',0.990128,0.014,1,'AG',0.990128,'G',0.003724,'AC',0.000979,'AA',0.000927,'A',0.000693,'AT',0.000460,'ACT',0.000301,'\n',0.000237,'GA',0.000226,'AM',0.000186
382,TCGATCGATCGTAGCTAGCTAGCTAGCTACGATCGATCGATCGTAGCTAG,'CT',0.996307,0.005,1,'CT',0.996307,'C',0.001933,'CC',0.000585,'TC',0.000285,'T',0.000208,'TT',0.000100,'ACT',0.000066,'CS',0.000037,'ct',0.000025,'AT',0.000021
383,GATCGATCGTAGCTAGCTAGCTAGCTACGATCGATCGATCGTAGCTAGCT,'AG',0.983126,0.025,1,'AG',0.983126,'AC',0.005293,'G',0.003469,'AA',0.001564,'A',0.001209,'AT',0.000883,'ACT',0.000631,'\n',0.000361,'AM',0.000276,'GA',0.000255
384,TCGATCGTAGCTAGCTAGCTAGCTACGATCGATCGATCGTAGCTAGCTAG,'CT',0.995591,0.006,1,'CT',0.995591,'C',0.002527,'CC',0.000633,'TC',0.000329,'T',0.000214,'TT',0.000093,'ACT',0.000063,'CS',0.000041,'AT',0.000028,'\n',0.000021
385,GATCGTAGCTAGCTAGCTAGCTACGATCGATCGATCGTAGCTAGCTAGCT,'AG',0.899381,0.153,1,'AG',0.899381,'AC',0.077436,'G',0.004088,'A',0.003373,'AA',0.003335,'AT',0.002539,'ACT',0.001878,'\n',0.000821,'AF',0.000581,'AM',0.000507
386,TCGTAGCTAGCTAGCTAGCTACGATCGATCGATCGTAGCTAGCTAGCTAG,'CT',0.992916,0.010,1,'CT',0.992916,'C',0.004456,'CC',0.000870,'TC',0.000456,'T',0.000295,'TT',0.000112,'ACT',0.000083,'AC',0.000059,'CS',0.000056,'AT',0.000050
387,GTAGCTAGCTAGCTAGCTACGATCGATCGATCGTAGCTAGCTAGCTAGCT,'AC',0.451209,1.148,2,'AG',0.514472,'AC',0.451209,'A',0.006277,'G',0.004299,'AA',0.004111,'AT',0.004057,'ACT',0.002717,'\n',0.001474,'AF',0.000831,'ACC',0.000811
388,AGCTAGCTAGCTAGCTACGATCGATCGATCGTAGCTAGCTAGCTAGCTAC,'G',0.998766,0.002,1,'G',0.998766,'\n',0.000141,' G',0.000120,'C',0.000090,'GT',0.000090,'F',0.000068,'GL',0.000057,'R',0.000048,'H',0.000048,'M',0.000044
389,GCTAGCTAGCTAGCTACGATCGATCGATCGTAGCTAGCTAGCTAGCTACG,'AT',0.995808,0.006,1,'AT',0.995808,'AG',0.000800,'GT',0.000473,'ATT',0.000434,'AC',0.000420,'CT',0.000269,'T',0.000131,'ATS',0.000123,'ATA',0.000119,'G',0.000111
390,TAGCTAGCTAGCTACGATCGATCGATCGTAGCTAGCTAGCTAGCTACGAT,'CG',0.978697,0.031,1,'CG',0.978697,'C',0.009660,'G',0.006876,'GC',0.002745,'CC',0.000292,'CT',0.000172,'GL',0.000165,'GG',0.000142,' CG',0.000112,'GA',0.000106
391,GCTAGCTAGCTACGATCGATCGATCGTAGCTAGCTAGCTAGCTACGATCG,'AT',0.996666,0.005,1,'AT',0.996666,'AG',0.000871,'GT',0.000717,'AC',0.000261,'T',0.000185,'ATT',0.000136,'G',0.000118,'ATS',0.000100,'AA',0.000092,'CT',0.000079
392,TAGCTAGCTACGATCGATCGATCGTAGCTAGCTAGCTAGCTACGATCGAT,'CG',0.723424,0.467,1,'CG',0.723424,'C',0.239680,'G',0.023810,'GC',0.003508,'CC',0.002301,'CT',0.001102,'GL',0.000501,'\n',0.000492,'CCC',0.000343,'IC',0.000325
393,GCTAGCTACGATCGATCGATCGTAGCTAGCTAGCTAGCTACGATCGATCG,'AT',0.997022,0.004,1,'AT',0.997022,'AG',0.000616,'GT',0.000556,'AC',0.000245,'T',0.000237,'ATT',0.000142,'ATS',0.000110,'G',0.000095,'A',0.000092,'AA',0.000087
394,TAGCTACGATCGATCGATCGTAGCTAGCTAGCTAGCTACGATCGATCGAT,'C',0.968996,0.045,1,'C',0.968996,'CG',0.012731,'G',0.011840,'CC',0.001176,'\n',0.000824,'CT',0.000524,' C',0.000337,'GC',0.000259,'IC',0.000162,'GL',0.000144
395,AGCTACGATCGATCGATCGTAGCTAGCTAGCTAGCTACGATCGATCGATC,'GT',0.993262,0.010,1,'GT',0.993262,'G',0.001510,'AT',0.000526,'GG',0.000392,'TG',0.000355,' GT',0.000285,'GC',0.000275,'GS',0.000256,'\n',0.000232,'GP',0.000212
396,CTACGATCGATCGATCGTAGCTAGCTAGCTAGCTACGATCGATCGATCGT,'AG',0.993187,0.010,1,'AG',0.993187,'G',0.002160,'AA',0.000999,'GA',0.000416,'A',0.000332,'AT',0.000287,'AC',0.000265,'ACT',0.000158,'IG',0.000147,'GG',0.000134
397,ACGATCGATCGATCGTAGCTAGCTAGCTAGCTACGATCGATCGATCGTAG,'CT',0.992751,0.010,1,'CT',0.992751,'C',0.003697,'CC',0.001019,'T',0.000492,'TC',0.000455,'TT',0.000279,'ACT',0.000168,'CL',0.000070,'CS',0.000061,'TA',0.000052
398,GATCGATCGATCGTAGCTAGCTAGCTAGCTACGATCGATCGATCGTAGCT,'AG',0.990851,0.013,1,'AG',0.990851,'G',0.003445,'AA',0.000880,'AC',0.000873,'A',0.000648,'AT',0.000408,'ACT',0.000280,'\n',0.000221,'GA',0.000212,'AM',0.000182
399,TCGATCGATCGTAGCTAGCTAGCTAGCTACGATCGATCGATCGTAGCTAG,'CT',0.996537,0.005,1,'CT',0.996537,'C',0.001791,'CC',0.000552,'TC',0.000283,'T',0.000200,'TT',0.000097,'ACT',0.000061,'CS',0.000034,'ct',0.000023,'CL',0.000020
400,GATCGATCGTAGCTAGCTAGCTAGCTACGATCGATCGATCGTAGCTAGCT,'AG',0.984224,0.023,1,'AG',0.984224,'AC',0.004834,'G',0.003260,'AA',0.001523,'A',0.001155,'AT',0.000800,'ACT',0.000593,'\n',0.000341,'AM',0.000275,'AF',0.000251
401,TCGATCGTAGCTAGCTAGCTAGCTACGATCGATCGATCGTAGCTAGCTAG,'CT',0.995832,0.006,1,'CT',0.995832,'C',0.002371,'CC',0.000598,'TC',0.000331,'T',0.000207,'TT',0.000091,'ACT',0.000058,'CS',0.000038,'AT',0.000026,'\n',0.000020
402,GATCGTAGCTAGCTAGCTAGCTACGATCGATCGATCGTAGCTAGCTAGCT,'AG',0.897972,0.155,1,'AG',0.897972,'AC',0.079326,'G',0.003831,'AA',0.003404,'A',0.003390,'AT',0.002433,'ACT',0.001851,'\n',0.000811,'AF',0.000607,'AM',0.000523
403,TCGTAGCTAGCTAGCTAGCTACGATCGATCGATCGTAGCTAGCTAGCTAG,'CT',0.993316,0.010,1,'CT',0.993316,'C',0.004171,'CC',0.000820,'TC',0.000467,'T',0.000285,'TT',0.000110,'ACT',0.000075,'CS',0.000054,'AC',0.000051,'AT',0.000046
404,GTAGCTAGCTAGCTAGCTACGATCGATCGATCGTAGCTAGCTAGCTAGCT,'AC',0.487532,1.036,1,'AC',0.487532,'AG',0.478752,'A',0.006448,'AA',0.004119,'G',0.004001,'AT',0.003889,'ACT',0.002593,'\n',0.001470,'AF',0.000860,'ACC',0.000840
405,AGCTAGCTAGCTAGCTACGATCGATCGATCGTAGCTAGCTAGCTAGCTAC,'G',0.998810,0.002,1,'G',0.998810,'\n',0.000134,' G',0.000113,'C',0.000083,'GT',0.000078,'F',0.000068,'GL',0.000055,'R',0.000051,'H',0.000049,'M',0.000044
406,GCTAGCTAGCTAGCTACGATCGATCGATCGTAGCTAGCTAGCTAGCTACG,'AT',0.995958,0.006,1,'AT',0.995958,'AG',0.000751,'GT',0.000467,'AC',0.000408,'ATT',0.000405,'CT',0.000250,'T',0.000133,'ATS',0.000122,'ATA',0.000115,'G',0.000108
407,TAGCTAGCTAGCTACGATCGATCGATCGTAGCTAGCTAGCTAGCTACGAT,'CG',0.979543,0.030,1,'CG',0.979543,'C',0.009389,'G',0.006638,'GC',0.002548,'CC',0.000270,'GL',0.000161,'CT',0.000154,'GG',0.000127,'GA',0.000102,' CG',0.000101
408,GCTAGCTAGCTACGATCGATCGATCGTAGCTAGCTAGCTAGCTACGATCG,'AT',0.996883,0.005,1,'AT',0.996883,'AG',0.000797,'GT',0.000696,'AC',0.000239,'T',0.000178,'ATT',0.000124,'G',0.000115,'ATS',0.000097,'AA',0.000085,'A',0.000072
409,TAGCTAGCTACGATCGATCGATCGTAGCTAGCTAGCTAGCTACGATCGAT,'CG',0.702589,0.509,1,'CG',0.702589,'C',0.260519,'G',0.024106,'GC',0.003312,'CC',0.002296,'CT',0.001074,'GL',0.000508,'\n',0.000487,'CCC',0.000344,'IC',0.000327
410,GCTAGCTACGATCGATCGATCGTAGCTAGCTAGCTAGCTACGATCGATCG,'AT',0.997227,0.004,1,'AT',0.997227,'AG',0.000556,'GT',0.000539,'T',0.000230,'AC',0.000220,'ATT',0.000129,'ATS',0.000106,'G',0.000089,'A',0.000085,'AA',0.000079
411,TAGCTACGATCGATCGATCGTAGCTAGCTAGCTAGCTACGATCGATCGAT,'C',0.972976,0.040,1,'C',0.972976,'G',0.010551,'CG',0.010530,'CC',0.001065,'\n',0.000803,'CT',0.000460,' C',0.000316,'GC',0.000213,'IC',0.000149,'GL',0.000135
412,AGCTACGATCGATCGATCGTAGCTAGCTAGCTAGCTACGATCGATCGATC,'GT',0.993403,0.010,1,'GT',0.993403,'G',0.001494,'AT',0.000504,'GG',0.000384,'TG',0.000334,' GT',0.000282,'GC',0.000263,'GS',0.000259,'\n',0.000224,'GP',0.000213
413,CTACGATCGATCGATCGTAGCTAGCTAGCTAGCTACGATCGATCGATCGT,'AG',0.993329,0.010,1,'AG',0.993329,'G',0.002164,'AA',0.000961,'GA',0.000418,'A',0.000314,'AT',0.000261,'AC',0.000240,'IG',0.000147,'ACT',0.000146,'\n',0.000136
414,ACGATCGATCGATCGTAGCTAGCTAGCTAGCTACGATCGATCGATCGTAG,'CT',0.992915,0.010,1,'CT',0.992915,'C',0.003606,'CC',0.000961,'T',0.000499,'TC',0.000462,'TT',0.000283,'ACT',0.000151,'CL',0.000070,'CS',0.000058,'TA',0.000054
415,GATCGATCGATCGTAGCTAGCTAGCTAGCTACGATCGATCGATCGTAGCT,'AG',0.991021,0.013,1,'AG',0.991021,'G',0.003467,'AA',0.000870,'AC',0.000809,'A',0.000639,'AT',0.000385,'ACT',0.000259,'\n',0.000229,'GA',0.000207,'AM',0.000179
416,TCGATCGATCGTAGCTAGCTAGCTAGCTACGATCGATCGATCGTAGCTAG,'CT',0.996599,0.005,1,'CT',0.996599,'C',0.001783,'CC',0.000516,'TC',0.000288,'T',0.000201,'TT',0.000097,'ACT',0.000053,'CS',0.000032,'ct',0.000023,'CL',0.000020
417,GATCGATCGTAGCTAGCTAGCTAGCTACGATCGATCGATCGTAGCTAGCT,'AG',0.983515,0.024,1,'AG',0.983515,'AC',0.005200,'G',0.003418,'AA',0.001580,'A',0.001223,'AT',0.000804,'ACT',0.000584,'\n',0.000360,'AM',0.000284,'AF',0.000259
418,TCGATCGTAGCTAGCTAGCTAGCTACGATCGATCGATCGTAGCTAGCTAG,'CT',0.995811,0.006,1,'CT',0.995811,'C',0.002411,'CC',0.000575,'TC',0.000343,'T',0.000211,'TT',0.000093,'ACT',0.000053,'CS',0.000037,'AT',0.000025,'\n',0.000021
419,GATCGTAGCTAGCTAGCTAGCTACGATCGATCGATCGTAGCTAGCTAGCT,'AG',0.879516,0.185,1,'AG',0.879516,'AC',0.095991,'G',0.004074,'A',0.003866,'AA',0.003703,'AT',0.002601,'ACT',0.001878,'\n',0.000895,'AF',0.000661,'AM',0.000565
420,TCGTAGCTAGCTAGCTAGCTACGATCGATCGATCGTAGCTAGCTAGCTAG,'CT',0.993289,0.010,1,'CT',0.993289,'C',0.004241,'CC',0.000791,'TC',0.000474,'T',0.000287,'TT',0.000113,'ACT',0.000068,'CS',0.000052,'AC',0.000046,'AT',0.000044
421,GTAGCTAGCTAGCTAGCTACGATCGATCGATCGTAGCTAGCTAGCTAGCT,'AC',0.505408,0.984,1,'AC',0.505408,'AG',0.459786,'A',0.006879,'AA',0.004293,'G',0.004226,'AT',0.003940,'ACT',0.002491,'\n',0.001535,'AF',0.000889,'ACC',0.000868
422,AGCTAGCTAGCTAGCTACGATCGATCGATCGTAGCTAGCTAGCTAGCTAC,'G',0.998844,0.002,1,'G',0.998844,'\n',0.000134,' G',0.000112,'C',0.000077,'GT',0.000071,'F',0.000066,'GL',0.000053,'R',0.000051,'H',0.000048,'M',0.000043
423,GCTAGCTAGCTAGCTACGATCGATCGATCGTAGCTAGCTAGCTAGCTACG,'AT',0.996005,0.006,1,'AT',0.996005,'AG',0.000754,'GT',0.000480,'AC',0.000389,'ATT',0.000385,'CT',0.000246,'T',0.000135,'ATS',0.000120,'ATA',0.000115,'G',0.000111
424,TAGCTAGCTAGCTACGATCGATCGATCGTAGCTAGCTAGCTAGCTACGAT,'CG',0.980207,0.029,1,'CG',0.980207,'C',0.009173,'G',0.006449,'GC',0.002400,'CC',0.000252,'GL',0.000156,'CT',0.000145,'GG',0.000115,' CG',0.000100,'GA',0.000099
425,GCTAGCTAGCTACGATCGATCGATCGTAGCTAGCTAGCTAGCTACGATCG,'AT',0.997070,0.004,1,'AT',0.997070,'AG',0.000741,'GT',0.000672,'AC',0.000210,'T',0.000174,'ATT',0.000113,'G',0.000103,'ATS',0.000094,'AA',0.000078,'A',0.000069
426,TAGCTAGCTACGATCGATCGATCGTAGCTAGCTAGCTAGCTACGATCGAT,'CG',0.618374,0.693,1,'CG',0.618374,'C',0.342234,'G',0.026075,'GC',0.003069,'CC',0.002517,'CT',0.001197,'\n',0.000572,'GL',0.000517,'IC',0.000361,'CCC',0.000352
